<?xml version="1.0" encoding="UTF-8"?>
<includes>
	<!-- Media -->
	<include name="MetaMediaInfo">
		<param name="right">1040</param>
		<definition>
			<control type="grouplist">
				<height>40</height>
				<width>$PARAM[width]</width>
				<itemgap>5</itemgap>
				<orientation>horizontal</orientation>
				<control type="label">
					<font>Light22</font>
					<textcolor>text_sublabel</textcolor>
					<include>MetaLabel</include>
					<label>3D   </label>
					<visible>ListItem.IsStereoscopic</visible>
				</control>
				<control type="label">
					<font>Light22</font>
					<textcolor>text_sublabel</textcolor>
					<include>MetaLabel</include>
					<label>[UPPERCASE]$VAR[ListItemResolution][/UPPERCASE]   </label>
					<visible>!String.IsEmpty(ListItem.VideoResolution)</visible>
				</control>
				<control type="label">
					<font>Light22</font>
					<textcolor>text_sublabel</textcolor>
					<include>MetaLabel</include>
					<label>[UPPERCASE]$INFO[ListItem.VideoCodec][/UPPERCASE]   </label>
					<visible>!String.IsEmpty(ListItem.VideoCodec)</visible>
				</control>
				<control type="label">
					<font>Light22</font>
					<textcolor>text_sublabel</textcolor>
					<include>MetaLabel</include>
					<label>[UPPERCASE]HDR[/UPPERCASE]   </label>
					<visible>$EXP[IsHDR]</visible>
				</control>
				<control type="label">
					<font>Light22</font>
					<textcolor>text_sublabel</textcolor>
					<include>MetaLabel</include>
					<label>$VAR[ListItemAudioChannels]   </label>
					<visible>!String.IsEmpty(ListItem.AudioChannels)</visible>
				</control>
				<control type="label">
					<font>Light22</font>
					<textcolor>text_sublabel</textcolor>
					<include>MetaLabel</include>
					<label>$VAR[ListItemAudio]   </label>
					<visible>!String.IsEmpty(ListItem.AudioChannels) + !String.IsEmpty(ListItem.AudioCodec)</visible>
				</control>
				<control type="label">
					<font>Light22</font>
					<textcolor>text_sublabel</textcolor>
					<include>MetaLabel</include>
					<label>$LOCALIZE[292] [UPPERCASE]$INFO[ListItem.AudioLanguage][/UPPERCASE]   </label>
					<visible>!String.IsEmpty(ListItem.AudioLanguage)</visible>
				</control>
				<control type="label">
					<font>Light22</font>
					<textcolor>text_sublabel</textcolor>
					<include>MetaLabel</include>
					<label>$LOCALIZE[287] [UPPERCASE]$INFO[ListItem.SubtitleLanguage][/UPPERCASE]   </label>
					<visible>!String.IsEmpty(ListItem.SubtitleLanguage)</visible>
				</control>
				<control type="label">
					<font>Light22</font>
					<textcolor>text_sublabel</textcolor>
					<include>MetaLabel</include>
					<label>$INFO[ListItem.DateAdded,$LOCALIZE[31385]: ]   </label>
					<visible>!String.IsEmpty(ListItem.DateAdded) + !String.IsEqual(ListItem.DBType,tvshow)</visible>
				</control>
				<control type="label">
					<font>Light22</font>
					<textcolor>text_sublabel</textcolor>
					<include>MetaLabel</include>
					<label>$INFO[ListItem.DateAdded,$LOCALIZE[31386]: ]   </label>
					<visible>!String.IsEmpty(ListItem.DateAdded) + String.IsEqual(ListItem.DBType,tvshow)</visible>
				</control>
				<control type="button">
					<animation effect="slide" end="0,-4" time="0" condition="true">Conditional</animation>
					<width min="24">auto</width>
					<height>32</height>
					<font>MpaaFont</font>
					<label>•  $INFO[ListItem.Tag]</label>
					<textoffsetx>10</textoffsetx>
					<align>center</align>
					<disabledcolor>text_white</disabledcolor>
					<texturefocus border="10" colordiffuse="grey_button">items/button.png</texturefocus>
					<texturenofocus border="10" colordiffuse="grey_button">items/button.png</texturenofocus>
					<enable>false</enable>
					<visible>!String.IsEmpty(ListItem.Tag) + [String.IsEqual(ListItem.DBType,movie) | String.IsEqual(ListItem.DBType,tvshow)]</visible>
				</control>
				<control type="button">
					<animation effect="slide" end="0,-4" time="0" condition="true">Conditional</animation>
					<width min="24">auto</width>
					<height>32</height>
					<font>MpaaFont</font>
					<label>•  $INFO[Container(2000).ListItem.Tag]</label>
					<textoffsetx>10</textoffsetx>
					<align>center</align>
					<disabledcolor>text_white</disabledcolor>
					<texturefocus border="10" colordiffuse="grey_button">items/button.png</texturefocus>
					<texturenofocus border="10" colordiffuse="grey_button">items/button.png</texturenofocus>
					<enable>false</enable>
					<visible>String.IsEmpty(ListItem.Tag) + !String.IsEmpty(Container(2000).ListItem.Tag) + [String.IsEqual(ListItem.DBType,movie) | String.IsEqual(ListItem.DBType,tvshow)]</visible>
				</control>
			</control>
		</definition>
	</include>
	<include name="MetaPlayerMediaInfo">
		<param name="right">1040</param>
		<definition>
			<control type="grouplist">
				<height>40</height>
				<width>$PARAM[width]</width>
				<itemgap>6</itemgap>
				<orientation>horizontal</orientation>
						<control type="image" id="99">
							<width>65</width>
							<height>47</height>
							<texture background="true">$INFO[VideoPlayer.VideoResolution,special://skin/extras/images/resolution/,.png]</texture>
						</control>
						<control type="image" id="99">
							<width>65</width>
							<height>47</height>
							<texture background="true">$INFO[VideoPlayer.VideoCodec,special://skin/extras/images/video/,.png]</texture>
						</control>
						<control type="image" id="99">
							<width>65</width>
							<height>47</height>
							<texture background="true">$INFO[VideoPlayer.VideoAspect,special://skin/extras/images/aspectratio/,.png]</texture>
						</control>
						<control type="image" id="99">
							<width>65</width>
							<height>47</height>
							<texture background="true">$INFO[VideoPlayer.AudioCodec,special://skin/extras/images/audio/,.png]</texture>
						</control>
				<control type="label">
					<font>Light22</font>
					<textcolor>text_sublabel</textcolor>
					<include>MetaLabel</include>
					<label>[UPPERCASE]HDR[/UPPERCASE]   </label>
					<visible>String.Contains(Player.Filename,.HDR.) | String.Contains(Player.Filename,-HDR-) | String.Contains(Player.Filename,- HDR -) | String.Contains(Player.Filename,(HDR))</visible>
				</control>
				<control type="label">
					<font>Light22</font>
					<textcolor>text_sublabel</textcolor>
					<include>MetaLabel</include>
					<label>$VAR[PlayerAudioChannels]   </label>
					<visible>!String.IsEmpty(VideoPlayer.AudioChannels)</visible>
				</control>
				<control type="label">
					<font>Light22</font>
					<textcolor>text_sublabel</textcolor>
					<include>MetaLabel</include>
					<label>$LOCALIZE[292] [UPPERCASE]$INFO[VideoPlayer.AudioLanguage][/UPPERCASE]   </label>
					<visible>!String.IsEmpty(VideoPlayer.AudioLanguage)</visible>
				</control>
				<control type="label">
					<font>Light22</font>
					<textcolor>text_sublabel</textcolor>
					<include>MetaLabel</include>
					<include>MetaFlagsButton</include>
					<label>$LOCALIZE[287] [UPPERCASE]$INFO[VideoPlayer.SubtitleLanguage][/UPPERCASE]   </label>
					<visible>!String.IsEmpty(VideoPlayer.SubtitleLanguage)</visible>
				</control>
				<control type="button">
					<animation effect="slide" end="0,-4" time="0" condition="true">Conditional</animation>
					<width min="24">auto</width>
					<height>32</height>
					<font>MpaaFont</font>
					<label>•  $INFO[Container(2000).ListItem.Tag]</label>
					<textoffsetx>10</textoffsetx>
					<align>center</align>
					<disabledcolor>text_white</disabledcolor>
					<texturefocus border="10" colordiffuse="grey_button">items/button.png</texturefocus>
					<texturenofocus border="10" colordiffuse="grey_button">items/button.png</texturenofocus>
					<enable>false</enable>
					<visible>String.IsEmpty(ListItem.Tag) + !String.IsEmpty(Container(2000).ListItem.Tag) + [String.IsEqual(ListItem.DBType,movie) | String.IsEqual(ListItem.DBType,tvshow) | [Window.IsVisible(fullscreeninfo) + VideoPLayer.Content(movies)]]</visible>
				</control>
			</control>
		</definition>
	</include>
	<!-- Set -->
	<include name="MetaSetInfos">
		<param name="width">1040</param>
		<definition>
			<control type="grouplist">
				<height>40</height>
				<width>$PARAM[width]</width>
				<itemgap>5</itemgap>
				<orientation>horizontal</orientation>
				<control type="label">
					<label>$INFO[Container(5601).ListItemAbsolute(0).Year]$VAR[SetLastYear, - ]   </label>
					<include>MetaLabel</include>
					<visible>!String.IsEmpty(Container(5601).NumItems) + !String.IsEqual(Container(5601).NumItems,0) + [!Container(5601).IsUpdating | !String.StartsWith(Container.Folderpath,plugin://)]</visible>
				</control>
				<control type="label">
					<label>$INFO[Container(5601).NumItems,, $LOCALIZE[36901]]   </label>
					<include>MetaLabel</include>
					<visible>!String.IsEmpty(Container(5601).NumItems) + !String.IsEqual(Container(5601).NumItems,0) + [!Container(5601).IsUpdating | !String.StartsWith(Container.Folderpath,plugin://)]</visible>
				</control>
				<control type="label">
					<label>$LOCALIZE[1040]   </label>
					<include>MetaLabel</include>
					<visible>![!String.IsEmpty(Container(5601).NumItems) + !String.IsEqual(Container(5601).NumItems,0) + [!Container(5601).IsUpdating | !String.StartsWith(Container.Folderpath,plugin://)]]</visible>
				</control>
			</control>
		</definition>
	</include>
	<!-- Movie -->
	<include name="MetaMovieInfos">
		<param name="width">1040</param>
		<definition>
			<control type="grouplist">
				<height>40</height>
				<width>$PARAM[width]</width>
				<itemgap>5</itemgap>
				<orientation>horizontal</orientation>
				<control type="label">
					<label>$INFO[ListItem.Year]   </label>
					<include>MetaLabel</include>
					<visible>!String.IsEmpty(ListItem.Year)</visible>
				</control>
				<control type="label">
					<label>$VAR[DurationMinutes]   </label>
					<include>MetaLabel</include>
					<visible>!String.IsEmpty(ListItem.Duration)</visible>
				</control>
				<include>MpaaIcon</include>
				<include>CCIcon</include>
				<include>MetaRating</include>
				<control type="label">
					<include>MetaLabel</include>
					<label>$VAR[ListItemEndTime,$LOCALIZE[31037] ]</label>
					<visible>!String.IsEmpty(ListItem.EndTimeResume) | !String.IsEmpty(ListItem.EndTimeResume)</visible>
				</control>
			</control>
		</definition>
	</include>
	<!-- Movie -->
	<include name="MetaMovieInfosList">
		<param name="width">800</param>
		<definition>
			<control type="grouplist">
				<height>40</height>
				<width>$PARAM[width]</width>
				<itemgap>5</itemgap>
				<orientation>horizontal</orientation>
				<control type="label">
					<label>$VAR[DurationMinutes]   </label>
					<include>MetaLabel</include>
					<visible>!String.IsEmpty(ListItem.Duration)</visible>
				</control>
				<include>CCIcon</include>
				<include>MetaRating</include>
				<control type="label">
					<include>MetaLabel</include>
					<label>$VAR[ListItemEndTime,$LOCALIZE[31037] ]</label>
					<visible>!String.IsEmpty(ListItem.EndTimeResume) | !String.IsEmpty(ListItem.EndTimeResume)</visible>
				</control>
			</control>
		</definition>
	</include>
	<!-- TV show -->
	<include name="MetaShowInfos">
		<param name="width">1040</param>
		<definition>
			<control type="grouplist">
				<height>40</height>
				<width>$PARAM[width]</width>
				<itemgap>5</itemgap>
				<orientation>horizontal</orientation>
				<control type="label">
					<label>$INFO[ListItem.Year]   </label>
					<include>MetaLabel</include>
					<visible>!String.IsEmpty(ListItem.Year)</visible>
				</control>
				<control type="label">
					<label>$VAR[TSStatus]   </label>
					<include>MetaLabel</include>
					<visible>!String.IsEmpty(ListItem.Status)</visible>
				</control>
				<control type="label">
					<label>$INFO[ListItem.Season,$LOCALIZE[33054]: ]   </label>
					<include>MetaLabel</include>
					<visible>!String.IsEmpty(ListItem.Season)</visible>
				</control>
				<control type="label">
					<label>$INFO[ListItem.Episode,$LOCALIZE[20360]: ]   </label>
					<include>MetaLabel</include>
					<visible>!String.IsEmpty(ListItem.Episode)</visible>
				</control>
				<include>MpaaIcon</include>
				<include>MetaRating</include>
			</control>
		</definition>
	</include>
	<!-- TV show -->
	<include name="MetaShowInfosList">
		<param name="width">800</param>
		<definition>
			<control type="grouplist">
				<height>40</height>
				<width>$PARAM[width]</width>
				<itemgap>5</itemgap>
				<orientation>horizontal</orientation>
				<control type="label">
					<label>[COLOR lightgrey]$VAR[TSStatus]   [/COLOR]</label>
					<include>MetaLabel</include>
					<visible>!String.IsEmpty(ListItem.Status)</visible>
				</control>
				<control type="label">
					<label>[COLOR lightgrey]$INFO[ListItem.Season,$LOCALIZE[33054]: ]   [/COLOR]</label>
					<include>MetaLabel</include>
					<visible>!String.IsEmpty(ListItem.Season)</visible>
				</control>
				<control type="label">
					<label>[COLOR lightgrey]$INFO[ListItem.Episode,$LOCALIZE[20360]: ]   [/COLOR]</label>
					<include>MetaLabel</include>
					<visible>!String.IsEmpty(ListItem.Episode)</visible>
				</control>
				<include>MetaRating</include>
			</control>
		</definition>
	</include>
	<include name="MetaSeasonInfos">
		<param name="width">1040</param>
		<definition>
			<control type="grouplist">
				<height>40</height>
				<width>$PARAM[width]</width>
				<itemgap>5</itemgap>
				<orientation>horizontal</orientation>
				<control type="label">
					<label>$INFO[ListItem.Year]   </label>
					<include>MetaLabel</include>
					<visible>!String.IsEmpty(ListItem.Year)</visible>
				</control>
				<control type="label">
					<label>$INFO[ListItem.Property(TotalEpisodes),$LOCALIZE[20360]: ]   </label>
					<include>MetaLabel</include>
					<visible>!String.IsEmpty(ListItem.Property(TotalEpisodes))</visible>
				</control>
				<include>MpaaIcon</include>
				<include>MetaRating</include>
			</control>
		</definition>
	</include>
	<include name="MetaEpisodeInfos">
		<param name="width">1040</param>
		<definition>
			<control type="grouplist">
				<height>40</height>
				<width>$PARAM[width]</width>
				<itemgap>5</itemgap>
				<orientation>horizontal</orientation>
				<control type="label">
					<label>$INFO[ListItem.Premiered]   </label>
					<include>MetaLabel</include>
					<visible>!String.IsEmpty(ListItem.Premiered)</visible>
				</control>
				<control type="label">
					<label>$VAR[DurationMinutes]   </label>
					<include>MetaLabel</include>
					<visible>!String.IsEmpty(ListItem.Duration)</visible>
				</control>
				<include>MpaaIcon</include>
				<include>CCIcon</include>
				<include>MetaRating</include>
				<control type="label">
					<include>MetaLabel</include>
					<label>$VAR[ListItemEndTime,$LOCALIZE[31037] ]</label>
					<visible>!String.IsEmpty(ListItem.EndTimeResume) | !String.IsEmpty(ListItem.EndTimeResume)</visible>
				</control>
			</control>
		</definition>
	</include>
	<!-- Music -->
	<include name="MetaArtistInfos">
		<param name="width">940</param>
		<definition>
			<control type="grouplist">
				<height>40</height>
				<width>$PARAM[width]</width>
				<itemgap>5</itemgap>
				<orientation>horizontal</orientation>
				<control type="label">
					<include>MetaLabel</include>
					<label>$INFO[ListItem.Property(Artist_Formed),$LOCALIZE[21894]: ]   </label>
					<visible>!String.IsEmpty(ListItem.Property(Artist_Formed))</visible>
				</control>
				<control type="label">
					<include>MetaLabel</include>
					<label>$INFO[ListItem.Property(Artist_Disbanded),$LOCALIZE[21896]: ]   </label>
					<visible>!String.IsEmpty(ListItem.Property(Artist_Disbanded))</visible>
				</control>
				<control type="label">
					<include>MetaLabel</include>
					<label>$INFO[ListItem.Property(Artist_Mood),$LOCALIZE[175]: ]   </label>
					<visible>!String.IsEmpty(ListItem.Property(Artist_Mood))</visible>
				</control>
				<control type="label">
					<include>MetaLabel</include>
					<label>$INFO[Container(200).NumItems,$LOCALIZE[132]: ]   </label>
					<visible>!Integer.IsEqual(Container(200).NumItems,0)</visible>
				</control>
				<control type="label">
					<include>MetaLabel</include>
					<label>$INFO[Container(300).NumItems,$LOCALIZE[132]: ]   </label>
					<visible>Integer.IsEqual(Container(200).NumItems,0) + !Integer.IsEqual(Container(300).NumItems,0)</visible>
				</control>
			</control>
		</definition>
	</include>
	<!-- PVR -->
	<include name="MetaPVRInfos">
		<param name="width">100%</param>
		<definition>
			<control type="grouplist">
				<height>40</height>
				<width>$PARAM[width]</width>
				<itemgap>5</itemgap>
				<orientation>horizontal</orientation>
				<control type="label">
					<include>MetaLabel</include>
					<label>$INFO[ListItem.Date]$INFO[ListItem.Endtime, - ]   </label>
					<visible>!String.IsEmpty(ListItem.Date)</visible>
				</control>
				<control type="label">
					<include>MetaLabel</include>
					<label>$VAR[DurationMinutes]   </label>
					<visible>!String.IsEmpty(ListItem.Duration)</visible>
				</control>
				<control type="label">
					<include>MetaLabel</include>
					<label>$INFO[ListItem.ChannelNumberLabel,$LOCALIZE[19029] ]   </label>
					<visible>!String.IsEmpty(ListItem.ChannelNumberLabel)</visible>
				</control>
				<control type="label">
					<include>MetaLabel</include>
					<label>$INFO[ListItem.Channelname]   </label>
					<visible>!String.IsEmpty(ListItem.Channelname)</visible>
				</control>
			</control>
		</definition>
	</include>
	<!-- Addon -->
	<include name="MetaAddonInfos">
		<param name="width">100%</param>
		<definition>
			<control type="grouplist">
				<height>40</height>
				<width>$PARAM[width]</width>
				<itemgap>5</itemgap>
				<orientation>horizontal</orientation>
				<control type="label">
					<include>MetaLabel</include>
					<label>$INFO[ListItem.Property(Addon.ID)]   </label>
					<visible>!String.IsEmpty(ListItem.Property(Addon.ID))</visible>
				</control>
				<control type="label">
					<include>MetaLabel</include>
					<label>$LOCALIZE[19114]: $INFO[ListItem.AddonVersion]   </label>
					<visible>!String.IsEmpty(ListItem.AddonVersion)</visible>
				</control>
				<control type="label">
					<include>MetaLabel</include>
					<label>$LOCALIZE[31033]: $INFO[ListItem.AddonCreator]   </label>
					<visible>!String.IsEmpty(ListItem.AddonCreator)</visible>
				</control>
			</control>
		</definition>
	</include>
	<!-- Video -->
	<include name="PlayerVideoInfos">
		<param name="width">1040</param>
		<definition>
			<control type="grouplist">
				<height>40</height>
				<width>$PARAM[width]</width>
				<itemgap>5</itemgap>
				<orientation>horizontal</orientation>
				<control type="label">
					<include>MetaLabel</include>
					<label>$INFO[VideoPlayer.Year]   </label>
					<visible>!String.IsEmpty(VideoPlayer.Year) + VideoPlayer.Content(movies)</visible>
				</control>
				<control type="label">
					<include>MetaLabel</include>
					<label>$INFO[VideoPlayer.Starttime]$INFO[VideoPlayer.Endtime, - ]   </label>
					<visible>!VideoPlayer.Content(livetv) + !String.StartsWith(Player.Filenameandpath,pvr://recordings) + String.StartsWith(Player.Filenameandpath,pvr://)</visible>
				</control>
				<control type="label">
					<include>MetaLabel</include>
					<label>$VAR[PlayerDurationMinutes]   </label>
					<visible>!String.IsEmpty(Player.Duration)</visible>
				</control>
				<control type="label">
					<include>MetaLabel</include>
					<label>$VAR[PlayerTimeLabels]   </label>
				</control>
				<control type="label">
					<include>MetaLabel</include>
					<label>$VAR[PlayerFinishTime,$LOCALIZE[31037] ]   </label>
					<visible>!String.IsEmpty(PVR.EpgEventFinishTime) | !String.IsEmpty(VideoPlayer.FinishTime)</visible>
				</control>
				<control type="label">
					<include>MetaLabel</include>
					<label>$INFO[VideoPlayer.ChannelNumberLabel,$LOCALIZE[19029] ]   </label>
					<visible>VideoPlayer.Content(livetv)</visible>
				</control>
				<control type="label">
					<include>MetaLabel</include>
					<label>$INFO[VideoPlayer.Channelname]   </label>
					<visible>VideoPlayer.Content(livetv)</visible>
				</control>
				<include content="MpaaIcon">
					<param name="type" value="VideoPlayer"/>
				</include>
				<include content="CCIcon">
					<param name="visible" value="VideoPlayer.HasSubtitles + !VideoPlayer.Content(livetv)"/>
				</include>
				<include content="MetaRating">
					<param name="type" value="VideoPlayer"/>
				</include>
			</control>
		</definition>
	</include>
	<!-- Tmbdb -->
	<include name="MetaTmbdVideoInfo">
		<control type="grouplist">
			<height>40</height>
			<itemgap>5</itemgap>
			<orientation>horizontal</orientation>
			<control type="label">
				<label>$INFO[Container(10051).ListItem.Year]   </label>
				<include>MetaLabel</include>
				<visible>!String.IsEmpty(Container(10051).ListItem.Year)</visible>
			</control>
			<control type="label">
				<label>$VAR[TmdbStatus]   </label>
				<include>MetaLabel</include>
				<visible>!String.IsEmpty(Container(10051).ListItem.Status)</visible>
			</control>
			<control type="label">
				<label>$INFO[Container(10051).ListItem.Duration(mins),, $LOCALIZE[31089]]   </label>
				<include>MetaLabel</include>
				<visible>!String.IsEmpty(Container(10051).ListItem.Duration)</visible>
			</control>
			<control type="label">
				<label>$INFO[Container(10051).ListItem.Season,$LOCALIZE[33054]: ]   </label>
				<include>MetaLabel</include>
				<visible>!String.IsEmpty(Container(10051).ListItem.Season) + !String.IsEqual(Container(10051).ListItem.DBType,season)</visible>
			</control>
			<control type="label">
				<label>$INFO[Container(10051).ListItem.Season,$LOCALIZE[20373] ]   </label>
				<include>MetaLabel</include>
				<visible>!String.IsEmpty(Container(10051).ListItem.Season) + String.IsEqual(Container(10051).ListItem.DBType,season)</visible>
			</control>
			<control type="label">
				<label>$INFO[Container(10051).ListItem.Episode,$LOCALIZE[20360]: ]   </label>
				<include>MetaLabel</include>
				<visible>!String.IsEmpty(Container(10051).ListItem.Episode)</visible>
			</control>
			<include content="MpaaIcon">
				<param name="type" value="Container(10051).ListItem"/>
			</include>
			<control type="label">
				<label>&#xf4ce;</label>
				<font>Material26</font>
				<textcolor>red</textcolor>
				<include>MetaLabel</include>
				<visible>!String.IsEmpty(Container(10051).ListItem.Rating)</visible>
			</control>
			<control type="label">
				<label>$INFO[Container(10051).ListItem.Rating]   </label>
				<include>MetaLabel</include>
				<visible>!String.IsEmpty(Container(10051).ListItem.Rating)</visible>
			</control>
			<control type="image">
				<animation effect="slide" end="0,2" time="0" condition="true">Conditional</animation>
				<width>24</width>
				<height>20</height>
				<texture>$VAR[RottenIcon]</texture>
				<aspectratio>keep</aspectratio>
				<visible>!String.IsEmpty(Container(10051).ListItem.Property(rating.rotten))	</visible>
			</control>
			<control type="label">
				<label>$INFO[Container(10051).ListItem.Property(rating.rotten),,   ]</label>
				<include>MetaLabel</include>
				<visible>!String.IsEmpty(Container(10051).ListItem.Property(rating.rotten))	</visible>
			</control>
			<control type="image">
				<animation effect="slide" end="0,2" time="0" condition="true">Conditional</animation>
				<width>24</width>
				<height>20</height>
				<texture>icons/rating/metacritic.png</texture>
				<aspectratio>keep</aspectratio>
				<visible>!String.IsEmpty(Container(10051).ListItem.Property(rating.metacritic))	</visible>
			</control>
			<control type="label">
				<label>$INFO[Container(10051).ListItem.Property(rating.metacritic),,   ]</label>
				<include>MetaLabel</include>
				<visible>!String.IsEmpty(Container(10051).ListItem.Property(rating.metacritic))	</visible>
			</control>
			<control type="image">
				<animation effect="slide" end="0,2" time="0" condition="true">Conditional</animation>
				<width>44</width>
				<height>20</height>
				<texture>icons/rating/imdb.png</texture>
				<aspectratio>keep</aspectratio>
				<visible>!String.IsEmpty(Container(10051).ListItem.Property(rating.imdb))	</visible>
			</control>
			<control type="label">
				<label>$INFO[Container(10051).ListItem.Property(rating.imdb),,   ]</label>
				<include>MetaLabel</include>
				<visible>!String.IsEmpty(Container(10051).ListItem.Property(rating.imdb))	</visible>
			</control>
		</control>
	</include>
	<include name="MetaVideoInfo">
		<control type="grouplist">
			<height>40</height>
			<itemgap>5</itemgap>
			<orientation>horizontal</orientation>
			<control type="label">
				<label>$INFO[ListItem.Year]   </label>
				<include>MetaLabel</include>
				<visible>!String.IsEmpty(ListItem.Year)</visible>
			</control>
			<control type="label">
				<label>$VAR[TmdbStatus]   </label>
				<include>MetaLabel</include>
				<visible>!String.IsEmpty(ListItem.Status)</visible>
			</control>
			<control type="label">
				<label>$INFO[ListItem.Duration(mins),, $LOCALIZE[31089]]   </label>
				<include>MetaLabel</include>
				<visible>!String.IsEmpty(ListItem.Duration)</visible>
			</control>
			<control type="label">
				<label>$INFO[ListItem.Season,$LOCALIZE[33054]: ]   </label>
				<include>MetaLabel</include>
				<visible>!String.IsEmpty(ListItem.Season) + !String.IsEqual(ListItem.DBType,season)</visible>
			</control>
			<control type="label">
				<label>$INFO[ListItem.Season,$LOCALIZE[20373] ]   </label>
				<include>MetaLabel</include>
				<visible>!String.IsEmpty(ListItem.Season) + String.IsEqual(ListItem.DBType,season)</visible>
			</control>
			<control type="label">
				<label>$INFO[ListItem.Episode,$LOCALIZE[20360]: ]   </label>
				<include>MetaLabel</include>
				<visible>!String.IsEmpty(ListItem.Episode)</visible>
			</control>
			<include content="MpaaIcon">
				<param name="type" value="ListItem"/>
			</include>
			<control type="label">
				<label>&#xf4ce;</label>
				<font>Material26</font>
				<textcolor>red</textcolor>
				<include>MetaLabel</include>
				<visible>!String.IsEmpty(ListItem.Rating)</visible>
			</control>
			<control type="label">
				<label>$INFO[ListItem.Rating]   </label>
				<include>MetaLabel</include>
				<visible>!String.IsEmpty(ListItem.Rating)</visible>
			</control>
			<control type="image">
				<animation effect="slide" end="0,2" time="0" condition="true">Conditional</animation>
				<width>24</width>
				<height>20</height>
				<texture>$VAR[RottenIcon]</texture>
				<aspectratio>keep</aspectratio>
				<visible>!String.IsEmpty(ListItem.Property(rating.rotten))	</visible>
			</control>
			<control type="label">
				<label>$INFO[ListItem.Property(rating.rotten),,   ]</label>
				<include>MetaLabel</include>
				<visible>!String.IsEmpty(ListItem.Property(rating.rotten))	</visible>
			</control>
			<control type="image">
				<animation effect="slide" end="0,2" time="0" condition="true">Conditional</animation>
				<width>24</width>
				<height>20</height>
				<texture>icons/rating/metacritic.png</texture>
				<aspectratio>keep</aspectratio>
				<visible>!String.IsEmpty(ListItem.Property(rating.metacritic))	</visible>
			</control>
			<control type="label">
				<label>$INFO[ListItem.Property(rating.metacritic),,   ]</label>
				<include>MetaLabel</include>
				<visible>!String.IsEmpty(ListItem.Property(rating.metacritic))	</visible>
			</control>
			<control type="image">
				<animation effect="slide" end="0,2" time="0" condition="true">Conditional</animation>
				<width>44</width>
				<height>20</height>
				<texture>icons/rating/imdb.png</texture>
				<aspectratio>keep</aspectratio>
				<visible>!String.IsEmpty(ListItem.Property(rating.imdb))	</visible>
			</control>
			<control type="label">
				<label>$INFO[ListItem.Property(rating.imdb),,   ]</label>
				<include>MetaLabel</include>
				<visible>!String.IsEmpty(ListItem.Property(rating.imdb))	</visible>
			</control>
		</control>
	</include>
	<include name="MetaVideoInfoDialog">
		<control type="grouplist">
			<width>750</width>
			<itemgap>16</itemgap>
			<orientation>vertical</orientation>
			<control type="textbox">
				<right>0</right>
				<height>auto</height>
				<align>left</align>
				<aligny>top</aligny>
				<label>$VAR[Facts]</label>
				<font>Reg22</font>
				<autoscroll>false</autoscroll>
				<include content="FakeFadeLabel">
					<param name="condition" value="!String.IsEmpty(ListItem.Property(Awards))"/>
				</include>
			</control>
			<control type="label">
				<label>[COLOR lightgrey]Estado:[/COLOR] $VAR[InfoStatus]   </label>
				<include>MetaLabel</include>
				<visible>!String.IsEmpty(ListItem.Status)</visible>
			</control>
			<control type="label">
				<label>[COLOR lightgrey]Duración:[/COLOR] $INFO[ListItem.Duration(mins),, $LOCALIZE[31089]]   </label>
				<include>MetaLabel</include>
				<visible>!String.IsEmpty(ListItem.Duration)</visible>
			</control>
			<control type="label">
				<label>$INFO[ListItem.Season,$LOCALIZE[33054]: ]   </label>
				<include>MetaLabel</include>
				<visible>!String.IsEmpty(ListItem.Season) + !String.IsEqual(ListItem.DBType,season)</visible>
			</control>
			<control type="label">
				<label>$INFO[ListItem.Season,$LOCALIZE[20373] ]   </label>
				<include>MetaLabel</include>
				<visible>!String.IsEmpty(ListItem.Season) + String.IsEqual(ListItem.DBType,season)</visible>
			</control>
			<control type="label">
				<label>$INFO[ListItem.Episode,$LOCALIZE[20360]: ]   </label>
				<include>MetaLabel</include>
				<visible>!String.IsEmpty(ListItem.Episode)</visible>
			</control>
			<include content="MpaaIcon">
				<param name="type" value="ListItem"/>
			</include>
			<control type="label">
				<label>[COLOR lightgrey]Puntuación:[/COLOR] $INFO[ListItem.Rating]   </label>
				<include>MetaLabel</include>
				<visible>!String.IsEmpty(ListItem.Rating)</visible>
			</control>
			<control type="label">
				<label>[COLOR lightgrey]Director:[/COLOR] $INFO[ListItem.Director]   </label>
				<include>MetaLabel</include>
			</control>
			<control type="label">
				<label>[COLOR lightgrey]Estudio:[/COLOR] $INFO[ListItem.Studio]   </label>
				<include>MetaLabel</include>
			</control>
		</control>
	</include>
	<include name="MetaTmdbVideoPlot">
		<param name="right">0</param>
		<definition>
			<control type="group">
				<visible>$PARAM[visible]</visible>
				<right>$PARAM[right]</right>
				<control type="group">
					<top>209</top>
					<include content="MetaGenre">
						<param name="type" value="Container(10051).ListItem"/>
					</include>
				</control>
				<control type="textbox">
					<top>246</top>
					<height max="165">auto</height>
					<align>justify</align>
					<aligny>top</aligny>
					<label fallback="19055">$INFO[Container(10051).ListItem.Tagline,[B],[/B][CR]]$INFO[Container(10051).ListItem.Plot]</label>
					<font>Light24</font>
					<autoscroll>false</autoscroll>
				</control>
			</control>
		</definition>
	</include>
	<include name="MetaVideoPlot">
		<param name="right">0</param>
		<definition>
			<control type="group">
				<visible>$PARAM[visible]</visible>
				<right>$PARAM[right]</right>
				<control type="group">
					<top>209</top>
					<include content="MetaGenre">
						<param name="type" value="ListItem"/>
					</include>
				</control>
				<control type="textbox">
					<top>246</top>
					<height max="165">auto</height>
					<align>justify</align>
					<aligny>top</aligny>
					<label fallback="19055">$INFO[ListItem.Tagline,[B],[/B][CR]]$INFO[ListItem.Plot]</label>
					<font>Light24</font>
					<autoscroll>false</autoscroll>
				</control>
			</control>
		</definition>
	</include>
	<include name="MetaVideoPlotInfo">
		<param name="right">0</param>
		<definition>
			<control type="group">
				<visible>$PARAM[visible]</visible>
				<right>$PARAM[right]</right>
				<control type="group">
					<width>750</width>
					<top>410</top>
					<include content="MetaGenreInfo">
						<param name="type" value="ListItem"/>
					</include>
				</control>
				<control type="textbox">
					<top>476</top>
					<height max="430">auto</height>
					<align>left</align>
					<aligny>top</aligny>
					<label fallback="19055">$INFO[ListItem.Tagline,[B][I],[/I][/B][CR][CR]]$INFO[ListItem.Plot]</label>
					<font>Light24</font>
					<autoscroll>true</autoscroll>
					<width>750</width>
				</control>
			</control>
		</definition>
	</include>
	<include name="MetaTmdbPersonBio">
		<param name="right">0</param>
		<definition>
			<control type="textbox">
				<visible>$PARAM[visible]</visible>
				<top>211</top>
				<right>$PARAM[right]</right>
				<height max="200">auto</height>
				<align>justify</align>
				<aligny>top</aligny>
				<label fallback="19055">$INFO[Container(10051).ListItem.Property(Biography)]</label>
				<font>Light24</font>
				<autoscroll>false</autoscroll>
			</control>
		</definition>
	</include>
	<!-- Art includes -->
	<include name="MetaPoster">
		<param name="visible">true</param>
		<definition>
			<control type="group">
				<visible>$PARAM[visible]</visible>
				<left>70</left>
				<control type="image">
					<top>-2</top>
					<left>-2</left>
					<width>282</width>
					<height>420</height>
					<texture border="20,20,20,20">items/shadow.png</texture>
				</control>
				<control type="image">
					<width>276</width>
					<height>414</height>
					<texture colordiffuse="$VAR[ThumbFallbackColor]">common/white.jpg</texture>
					<aspectratio scalediffuse="false">stretch</aspectratio>
					<visible>String.IsEmpty(ListItem.Art(poster)) + String.IsEmpty(ListItem.Art(tvshow.poster)) + String.StartsWith(ListItem.Icon,default)</visible>
				</control>
				<control type="image">
					<width>276</width>
					<height>414</height>
					<texture colordiffuse="thumb_background">common/white.jpg</texture>
					<aspectratio scalediffuse="false">stretch</aspectratio>
					<visible>!String.IsEmpty(ListItem.Art(poster)) | !String.IsEmpty(ListItem.Art(tvshow.poster)) | !String.StartsWith(ListItem.Icon,default)</visible>
				</control>
				<control type="textbox">
					<top>10</top>
					<left>10</left>
					<width>256</width>
					<height>394</height>
					<font>Light24</font>
					<textcolor>white</textcolor>
					<align>center</align>
					<aligny>center</aligny>
					<label>$VAR[ListItemTitleLabel]</label>
					<visible>String.IsEmpty(ListItem.Art(poster)) + String.IsEmpty(ListItem.Art(tvshow.poster)) + String.StartsWith(ListItem.Icon,default)</visible>
				</control>
				<control type="image">
					<width>276</width>
					<height>414</height>
					<texture background="true">$VAR[IconPVRForced]</texture>
					<aspectratio scalediffuse="false">stretch</aspectratio>
					<visible>String.StartsWith(ListItem.Path,pvr://)</visible>
					<visible>!String.IsEmpty(ListItem.EpgEventIcon) | $EXP[RecHasThumb]</visible>
				</control>
				<control type="image">
					<width>276</width>
					<height>414</height>
					<texture background="true">$VAR[IconPVRForced]</texture>
					<aspectratio scalediffuse="false">keep</aspectratio>
					<visible>String.StartsWith(ListItem.Path,pvr://)</visible>
					<visible>String.IsEmpty(ListItem.EpgEventIcon) + !$EXP[RecHasThumb]</visible>
				</control>
				<control type="image">
					<width>276</width>
					<height>414</height>
					<texture background="true">$VAR[IconPoster]</texture>
					<aspectratio scalediffuse="false">stretch</aspectratio>
					<visible>!String.StartsWith(ListItem.Path,pvr://)</visible>
				</control>
				<control type="group">
					<visible>Window.IsVisible(movieinformation) | Window.IsVisible(DialogPVRInfo.xml)</visible>
					<width>276</width>
					<height>414</height>
					<include content="ListitemOverlay">
						<param name="use_unwatched_property" value="$PARAM[use_unwatched_property]"/>
					</include>
					<include content="Progress">
						<param name="top" value="410"/>
						<param name="width" value="276"/>
					</include>
				</control>
			</control>
		</definition>
	</include>
	<!-- Art includes -->
	<include name="MetaPoster56">
		<param name="visible">true</param>
		<definition>
			<control type="group">
				<visible>$PARAM[visible]</visible>
				<left>70</left>
				<control type="image">
					<top>-2</top>
					<left>-2</left>
					<width>306</width>
					<height>456</height>
					<texture border="20,20,20,20">items/shadow.png</texture>
				</control>
				<control type="image">
					<width>300</width>
					<height>450</height>
					<texture colordiffuse="$VAR[ThumbFallbackColor]">common/white.jpg</texture>
					<aspectratio scalediffuse="false">stretch</aspectratio>
					<visible>String.IsEmpty(ListItem.Art(poster)) + String.IsEmpty(ListItem.Art(tvshow.poster)) + String.StartsWith(ListItem.Icon,default)</visible>
				</control>
				<control type="image">
					<width>300</width>
					<height>450</height>
					<texture colordiffuse="thumb_background">common/white.jpg</texture>
					<aspectratio scalediffuse="false">stretch</aspectratio>
					<visible>!String.IsEmpty(ListItem.Art(poster)) | !String.IsEmpty(ListItem.Art(tvshow.poster)) | !String.StartsWith(ListItem.Icon,default)</visible>
				</control>
				<control type="textbox">
					<top>10</top>
					<left>10</left>
					<width>256</width>
					<height>394</height>
					<font>Light24</font>
					<textcolor>white</textcolor>
					<align>center</align>
					<aligny>center</aligny>
					<label>$VAR[ListItemTitleLabel]</label>
					<visible>String.IsEmpty(ListItem.Art(poster)) + String.IsEmpty(ListItem.Art(tvshow.poster)) + String.StartsWith(ListItem.Icon,default)</visible>
				</control>
				<control type="image">
					<width>300</width>
					<height>450</height>
					<texture background="true">$VAR[IconPVRForced]</texture>
					<aspectratio scalediffuse="false">stretch</aspectratio>
					<visible>String.StartsWith(ListItem.Path,pvr://)</visible>
					<visible>!String.IsEmpty(ListItem.EpgEventIcon) | $EXP[RecHasThumb]</visible>
				</control>
				<control type="image">
					<width>300</width>
					<height>450</height>
					<texture background="true">$VAR[IconPVRForced]</texture>
					<aspectratio scalediffuse="false">keep</aspectratio>
					<visible>String.StartsWith(ListItem.Path,pvr://)</visible>
					<visible>String.IsEmpty(ListItem.EpgEventIcon) + !$EXP[RecHasThumb]</visible>
				</control>
				<control type="image">
					<width>300</width>
					<height>450</height>
					<texture background="true">$VAR[IconPoster]</texture>
					<aspectratio scalediffuse="false">stretch</aspectratio>
					<visible>!String.StartsWith(ListItem.Path,pvr://)</visible>
				</control>
				<control type="group">
					<visible>Window.IsVisible(movieinformation) | Window.IsVisible(DialogPVRInfo.xml)</visible>
					<width>300</width>
					<height>450</height>
					<include content="ListitemOverlay">
						<param name="use_unwatched_property" value="$PARAM[use_unwatched_property]"/>
					</include>
					<include content="Progress">
						<param name="top" value="410"/>
						<param name="width" value="276"/>
					</include>
				</control>
			</control>
		</definition>
	</include>
	<include name="MetaVideoPoster">
		<control type="group">
			<left>70</left>
			<control type="image">
				<top>-2</top>
				<left>-2</left>
				<width>282</width>
				<height>420</height>
				<texture border="20,20,20,20">items/shadow.png</texture>
			</control>
			<control type="image">
				<width>276</width>
				<height>414</height>
				<texture colordiffuse="$VAR[ThumbFallbackColor]">common/white.jpg</texture>
				<aspectratio scalediffuse="false">stretch</aspectratio>
				<visible>String.IsEmpty(PVR.EpgEventIcon) + String.IsEmpty(Player.Icon)</visible>
			</control>
			<control type="image">
				<width>276</width>
				<height>414</height>
				<texture colordiffuse="thumb_background">common/white.jpg</texture>
				<aspectratio scalediffuse="false">stretch</aspectratio>
				<visible>!String.IsEmpty(PVR.EpgEventIcon) | !String.IsEmpty(Player.Icon)</visible>
			</control>
			<control type="textbox">
				<top>10</top>
				<left>10</left>
				<width>256</width>
				<height>394</height>
				<font>Light24</font>
				<textcolor>white</textcolor>
				<align>center</align>
				<aligny>center</aligny>
				<label>$VAR[PlayerTitleLabel]</label>
				<visible>String.IsEmpty(PVR.EpgEventIcon) + String.IsEmpty(Player.Icon)</visible>
			</control>
			<control type="image">
				<width>276</width>
				<height>414</height>
				<texture background="true">$VAR[PlayerIcon]</texture>
				<aspectratio scalediffuse="false">stretch</aspectratio>
				<visible>
					[VideoPlayer.Content(livetv) + !String.IsEmpty(Pvr.EPGEventIcon)]
					| $EXP[PlayerRecHasThumb]
					| !String.StartsWith(Player.Filenameandpath,pvr://)
				</visible>
			</control>
			<control type="image">
				<width>276</width>
				<height>414</height>
				<texture background="true">$VAR[PlayerIcon]</texture>
				<aspectratio scalediffuse="false">keep</aspectratio>
				<visible>
					![
					[VideoPlayer.Content(livetv) + !String.IsEmpty(Pvr.EPGEventIcon)]
					| $EXP[PlayerRecHasThumb]
					| !String.StartsWith(Player.Filenameandpath,pvr://)
					]
				</visible>
			</control>
			<include content="PlayerProgress">
				<param name="top" value="410"/>
				<param name="width" value="276"/>
			</include>
		</control>
	</include>
	<include name="MetaTmdbPoster">
		<control type="group">
			<left>70</left>
			<control type="image">
				<top>-2</top>
				<left>-2</left>
				<width>282</width>
				<height>420</height>
				<texture border="20,20,20,20">items/shadow.png</texture>
			</control>
			<control type="image">
				<width>276</width>
				<height>414</height>
				<texture colordiffuse="$VAR[ThumbFallbackColor]">common/white.jpg</texture>
				<aspectratio scalediffuse="false">stretch</aspectratio>
				<visible>String.IsEmpty(Container(10051).ListItem.Art(thumb))</visible>
			</control>
			<control type="image">
				<width>276</width>
				<height>414</height>
				<texture colordiffuse="thumb_background">common/white.jpg</texture>
				<aspectratio scalediffuse="false">stretch</aspectratio>
				<visible>!String.IsEmpty(Container(10051).ListItem.Art(thumb))</visible>
			</control>
			<control type="textbox">
				<top>10</top>
				<left>10</left>
				<width>256</width>
				<height>394</height>
				<font>Light24</font>
				<textcolor>white</textcolor>
				<align>center</align>
				<aligny>center</aligny>
				<label>$INFO[Container(10051).ListItem.Label]</label>
				<visible>String.IsEmpty(Container(10051).ListItem.Art(thumb))</visible>
			</control>
			<control type="image">
				<width>276</width>
				<height>414</height>
				<texture background="true">$INFO[Container(10051).ListItem.Art(thumb)]</texture>
				<aspectratio scalediffuse="false">scale</aspectratio>
			</control>
			<control type="group">
				<width>276</width>
				<height>414</height>
				<include content="ListItemOverlayTmbdbIsLocal">
					<param name="type" value="Container(10051).ListItem"/>
				</include>
			</control>
		</control>
	</include>
	<include name="MetaThumbnail">
		<control type="group">
			<left>70</left>
			<control type="image">
				<top>-2</top>
				<left>-2</left>
				<width>436</width>
				<height>248</height>
				<texture border="20,20,20,20">items/shadow.png</texture>
			</control>
			<control type="image">
				<width>430</width>
				<height>242</height>
				<texture colordiffuse="$VAR[ThumbFallbackColor]">common/white.jpg</texture>
				<aspectratio scalediffuse="false">stretch</aspectratio>
				<visible>String.IsEmpty(ListItem.Icon) | String.StartsWith(ListItem.Icon,Default)</visible>
			</control>
			<control type="image">
				<width>430</width>
				<height>242</height>
				<texture colordiffuse="thumb_background">common/white.jpg</texture>
				<aspectratio scalediffuse="false">stretch</aspectratio>
				<visible>!String.IsEmpty(ListItem.Icon) + !String.StartsWith(ListItem.Icon,Default)</visible>
			</control>
			<control type="textbox">
				<top>10</top>
				<left>10</left>
				<width>410</width>
				<height>222</height>
				<font>Light24</font>
				<textcolor>white</textcolor>
				<align>center</align>
				<aligny>center</aligny>
				<label>$VAR[ListItemSeasonEpisode]</label>
				<visible>!String.StartsWith(ListItem.Path,pvr://) + !ListItem.IsParentFolder + [String.IsEmpty(ListItem.Icon) | String.StartsWith(ListItem.Icon,Default)]</visible>
			</control>
			<control type="textbox">
				<top>10</top>
				<left>10</left>
				<width>410</width>
				<height>222</height>
				<font>Light24</font>
				<textcolor>white</textcolor>
				<align>center</align>
				<aligny>center</aligny>
				<label>$INFO[ListItem.Channelname,, ]$INFO[ListItem.Label]</label>
				<visible>String.StartsWith(ListItem.Path,pvr://) + !ListItem.IsParentFolder + [String.IsEmpty(ListItem.Icon) | String.StartsWith(ListItem.Icon,Default)]</visible>
			</control>
			<control type="textbox">
				<top>10</top>
				<left>10</left>
				<width>410</width>
				<height>222</height>
				<font>Light24</font>
				<textcolor>white</textcolor>
				<align>center</align>
				<aligny>center</aligny>
				<label>$INFO[ListItem.Label]</label>
				<visible>ListItem.IsParentFolder</visible>
			</control>
			<control type="image">
				<width>430</width>
				<height>242</height>
				<texture background="true">$VAR[IconLandscape]</texture>
				<aspectratio scalediffuse="false">keep</aspectratio>
				<visible>String.StartsWith(ListItem.Path,pvr://)</visible>
			</control>
			<control type="image">
				<width>430</width>
				<height>242</height>
				<texture background="true">$VAR[IconEpisodeThumb]</texture>
				<aspectratio scalediffuse="false">keep</aspectratio>
				<visible>!String.StartsWith(ListItem.Path,pvr://)</visible>
			</control>
			<control type="group">
				<visible>Window.IsVisible(movieinformation) | Window.IsVisible(DialogPVRInfo.xml)</visible>
				<width>430</width>
				<height>242</height>
				<include>ListitemOverlay</include>
				<include content="Progress">
					<param name="top" value="239"/>
					<param name="width" value="430"/>
				</include>
			</control>
		</control>
	</include>
	<include name="MetaVideoThumbnail">
		<control type="group">
			<left>70</left>
			<control type="image">
				<top>-2</top>
				<left>-2</left>
				<width>436</width>
				<height>248</height>
				<texture border="20,20,20,20">items/shadow.png</texture>
			</control>
			<control type="image">
				<width>430</width>
				<height>242</height>
				<texture colordiffuse="$VAR[ThumbFallbackColor]">common/white.jpg</texture>
				<aspectratio scalediffuse="false">stretch</aspectratio>
				<visible>String.IsEmpty(PVR.EpgEventIcon) + String.IsEmpty(Player.Icon)</visible>
			</control>
			<control type="image">
				<width>430</width>
				<height>242</height>
				<texture colordiffuse="thumb_background">common/white.jpg</texture>
				<aspectratio scalediffuse="false">stretch</aspectratio>
				<visible>!String.IsEmpty(PVR.EpgEventIcon) | !String.IsEmpty(Player.Icon)</visible>
			</control>
			<control type="textbox">
				<top>10</top>
				<left>10</left>
				<width>410</width>
				<height>222</height>
				<font>Light24</font>
				<textcolor>white</textcolor>
				<align>center</align>
				<aligny>center</aligny>
				<label>$INFO[VideoPlayer.Channelname]</label>
				<visible>String.IsEmpty(PVR.EpgEventIcon) + String.IsEmpty(Player.Icon)</visible>
			</control>
			<control type="image">
				<width>430</width>
				<height>242</height>
				<texture background="true">$VAR[PlayerIcon]</texture>
				<aspectratio scalediffuse="false">keep</aspectratio>
			</control>
			<include content="PlayerProgress">
				<param name="top" value="239"/>
				<param name="width" value="430"/>
			</include>
		</control>
	</include>
	<include name="Meta4to3Thumbnail">
		<control type="group">
			<left>70</left>
			<control type="image">
				<top>-2</top>
				<left>-2</left>
				<width>436</width>
				<height>293</height>
				<texture border="20,20,20,20">items/shadow.png</texture>
			</control>
			<control type="image">
				<width>430</width>
				<height>287</height>
				<texture colordiffuse="$VAR[ThumbFallbackColor]">common/white.jpg</texture>
				<aspectratio scalediffuse="false">stretch</aspectratio>
				<visible>String.IsEmpty(ListItem.Icon) | String.StartsWith(ListItem.Icon,Default)</visible>
			</control>
			<control type="image">
				<width>430</width>
				<height>287</height>
				<texture colordiffuse="thumb_background">common/white.jpg</texture>
				<aspectratio scalediffuse="false">stretch</aspectratio>
				<visible>!String.IsEmpty(ListItem.Icon) + !String.StartsWith(ListItem.Icon,Default)</visible>
			</control>
			<control type="textbox">
				<top>10</top>
				<left>10</left>
				<width>410</width>
				<height>267</height>
				<font>Light24</font>
				<textcolor>white</textcolor>
				<align>center</align>
				<aligny>center</aligny>
				<label>$VAR[ListItemSeasonEpisode]</label>
				<visible>!String.StartsWith(ListItem.Path,pvr://) + !ListItem.IsParentFolder + [String.IsEmpty(ListItem.Icon) | String.StartsWith(ListItem.Icon,Default)]</visible>
			</control>
			<control type="textbox">
				<top>10</top>
				<left>10</left>
				<width>410</width>
				<height>267</height>
				<font>Light24</font>
				<textcolor>white</textcolor>
				<align>center</align>
				<aligny>center</aligny>
				<label>$INFO[ListItem.Channelname,, ]$INFO[ListItem.Label]</label>
				<visible>String.StartsWith(ListItem.Path,pvr://) + !ListItem.IsParentFolder + [String.IsEmpty(ListItem.Icon) | String.StartsWith(ListItem.Icon,Default)]</visible>
			</control>
			<control type="textbox">
				<top>10</top>
				<left>10</left>
				<width>410</width>
				<height>267</height>
				<font>Light24</font>
				<textcolor>white</textcolor>
				<align>center</align>
				<aligny>center</aligny>
				<label>$INFO[ListItem.Label]</label>
				<visible>ListItem.IsParentFolder</visible>
			</control>
			<control type="image">
				<width>430</width>
				<height>287</height>
				<texture background="true">$VAR[IconPVRForced]</texture>
				<aspectratio scalediffuse="false">stretch</aspectratio>
				<visible>String.StartsWith(ListItem.Path,pvr://)</visible>
				<visible>!String.IsEmpty(ListItem.EpgEventIcon) | $EXP[RecHasThumb]</visible>
			</control>
			<control type="image">
				<width>430</width>
				<height>287</height>
				<texture background="true">$VAR[IconPVRForced]</texture>
				<aspectratio scalediffuse="false">keep</aspectratio>
				<visible>String.StartsWith(ListItem.Path,pvr://)</visible>
				<visible>String.IsEmpty(ListItem.EpgEventIcon) + !$EXP[RecHasThumb]</visible>
			</control>
			<control type="image">
				<width>430</width>
				<height>287</height>
				<texture background="true">$VAR[IconLandscape]</texture>
				<aspectratio scalediffuse="false">keep</aspectratio>
				<visible>!String.StartsWith(ListItem.Path,pvr://)</visible>
			</control>
			<control type="group">
				<visible>Window.IsVisible(movieinformation) | Window.IsVisible(DialogPVRInfo.xml)</visible>
				<width>430</width>
				<height>287</height>
				<include>ListitemOverlay</include>
				<include content="Progress">
					<param name="top" value="284"/>
					<param name="width" value="430"/>
				</include>
			</control>
		</control>
	</include>
	<include name="MetaVideo4to3Thumbnail">
		<control type="group">
			<left>70</left>
			<control type="image">
				<top>-2</top>
				<left>-2</left>
				<width>436</width>
				<height>293</height>
				<texture border="20,20,20,20">items/shadow.png</texture>
			</control>
			<control type="image">
				<width>430</width>
				<height>287</height>
				<texture colordiffuse="$VAR[ThumbFallbackColor]">common/white.jpg</texture>
				<aspectratio scalediffuse="false">stretch</aspectratio>
				<visible>String.IsEmpty(PVR.EpgEventIcon) + String.IsEmpty(Player.Icon)</visible>
			</control>
			<control type="image">
				<width>430</width>
				<height>287</height>
				<texture colordiffuse="thumb_background">common/white.jpg</texture>
				<aspectratio scalediffuse="false">stretch</aspectratio>
				<visible>!String.IsEmpty(PVR.EpgEventIcon) | !String.IsEmpty(Player.Icon)</visible>
			</control>
			<control type="textbox">
				<top>10</top>
				<left>10</left>
				<width>410</width>
				<height>267</height>
				<font>Light24</font>
				<textcolor>white</textcolor>
				<align>center</align>
				<aligny>center</aligny>
				<label>$INFO[VideoPlayer.Channelname]</label>
				<visible>String.IsEmpty(PVR.EpgEventIcon) + String.IsEmpty(Player.Icon)</visible>
			</control>
			<control type="image">
				<width>430</width>
				<height>287</height>
				<texture background="true">$VAR[PlayerIcon]</texture>
				<aspectratio scalediffuse="false">stretch</aspectratio>
				<visible>
					[VideoPlayer.Content(livetv) + !String.IsEmpty(Pvr.EPGEventIcon)]
					| $EXP[PlayerRecHasThumb]
					| !String.StartsWith(Player.Filenameandpath,pvr://)
				</visible>
			</control>
			<control type="image">
				<width>430</width>
				<height>287</height>
				<texture background="true">$VAR[PlayerIcon]</texture>
				<aspectratio scalediffuse="false">keep</aspectratio>
				<visible>
					![
					[VideoPlayer.Content(livetv) + !String.IsEmpty(Pvr.EPGEventIcon)]
					| $EXP[PlayerRecHasThumb]
					| !String.StartsWith(Player.Filenameandpath,pvr://)
					]
				</visible>
			</control>
			<include content="PlayerProgress">
				<param name="top" value="284"/>
				<param name="width" value="430"/>
			</include>
		</control>
	</include>
	<include name="MetaSquareThumb">
		<control type="group">
			<left>70</left>
			<width>590</width>
			<control type="image">
				<top>-2</top>
				<left>-2</left>
				<width>346</width>
				<height>346</height>
				<texture border="20,20,20,20">items/shadow.png</texture>
			</control>
			<control type="image">
				<width>340</width>
				<height>340</height>
				<texture colordiffuse="$VAR[ThumbFallbackColor]">common/white.jpg</texture>
				<aspectratio scalediffuse="false">stretch</aspectratio>
				<visible>String.IsEmpty(ListItem.Icon) | String.StartsWith(ListItem.Icon,Default)</visible>
			</control>
			<control type="image">
				<width>340</width>
				<height>340</height>
				<texture colordiffuse="thumb_background">common/white.jpg</texture>
				<aspectratio scalediffuse="false">stretch</aspectratio>
				<visible>!String.IsEmpty(ListItem.Icon) + !String.StartsWith(ListItem.Icon,Default)</visible>
			</control>
			<control type="textbox">
				<top>10</top>
				<left>10</left>
				<width>320</width>
				<height>320</height>
				<font>Light24</font>
				<textcolor>white</textcolor>
				<align>center</align>
				<aligny>center</aligny>
				<label>$VAR[MainListLabel]</label>
				<visible>String.IsEmpty(ListItem.Icon) | String.StartsWith(ListItem.Icon,Default)</visible>
			</control>
			<control type="image">
				<width>340</width>
				<height>340</height>
				<texture background="true">$INFO[ListItem.Icon]</texture>
				<aspectratio scalediffuse="false">stretch</aspectratio>
				<visible>!String.StartsWith(ListItem.Icon,Default)</visible>
			</control>
			<control type="group">
				<visible>Window.IsVisible(addoninformation)</visible>
				<width>340</width>
				<height>340</height>
				<include>ListitemOverlay</include>
			</control>
		</control>
	</include>
	<include name="MetaClearlogo">
		<control type="image">
			<right>70</right>
			<width>400</width>
			<height>155</height>
			<texture background="true">$VAR[ListItemClearlogo]</texture>
			<aspectratio align="right">keep</aspectratio>
		</control>
	</include>
	<include name="MetaPlayerClearlogo">
		<control type="image">
			<right>70</right>
			<width>400</width>
			<height>155</height>
			<texture background="true">$VAR[PlayerClearlogo]</texture>
			<aspectratio align="right">keep</aspectratio>
		</control>
	</include>
	<!-- common includes -->
	<include name="MetaRating">
		<param name="type">ListItem</param>
		<definition>
			<control type="label">
				<label>&#xf4ce;</label>
				<font>Material26</font>
				<textcolor>red</textcolor>
				<include>MetaLabel</include>
				<visible>!String.IsEmpty($PARAM[type].Rating)</visible>
			</control>
			<control type="label">
				<label>$INFO[$PARAM[type].Rating]   </label>
				<include>MetaLabel</include>
				<visible>!String.IsEmpty($PARAM[type].Rating)</visible>
			</control>
			<control type="label">
				<label>&#xf4ce;</label>
				<font>Material26</font>
				<textcolor>red</textcolor>
				<include>MetaLabel</include>
				<visible>String.IsEmpty($PARAM[type].Rating) + !String.IsEmpty(Container(2000).ListItem.Rating)</visible>
			</control>
			<control type="label">
				<label>$INFO[Container(2000).ListItem.Rating]   </label>
				<include>MetaLabel</include>
				<visible>String.IsEmpty($PARAM[type].Rating) + !String.IsEmpty(Container(2000).ListItem.Rating)</visible>
			</control>
			<control type="image">
				<animation effect="slide" end="0,2" time="0" condition="true">Conditional</animation>
				<width>24</width>
				<height>20</height>
				<texture>$VAR[RottenIcon]</texture>
				<aspectratio>keep</aspectratio>
				<visible>
					[
					[System.HasAddon(plugin.video.emby) | System.HasAddon(plugin.video.embycon)] + !String.IsEmpty($PARAM[type].UserRating) + !Skin.HasSetting(DisableEmbyUserRating)
					]
					| !String.IsEmpty(ListItem.Rating(tomatometerallcritics))
					| !String.IsEmpty(Container(2003).ListItem.Rating(tomatometerallcritics))
				</visible>
			</control>
			<control type="label">
				<label>$VAR[RottenRating,,   ]</label>
				<include>MetaLabel</include>
				<visible>
					[
					[System.HasAddon(plugin.video.emby) | System.HasAddon(plugin.video.embycon)] + !String.IsEmpty($PARAM[type].UserRating) + !Skin.HasSetting(DisableEmbyUserRating)
					]
					| !String.IsEmpty(ListItem.Rating(tomatometerallcritics))
					| !String.IsEmpty(Container(2003).ListItem.Rating(tomatometerallcritics))
				</visible>
			</control>
		</definition>
	</include>
	<include name="MetaRatingPlot">
		<param name="type">ListItem</param>
		<definition>
			<control type="label">
				<top>10</top>
				<label>&#xf4ce;</label>
				<font>Material26</font>
				<textcolor>red</textcolor>
				<include>MetaLabelPlot</include>
				<visible>!String.IsEmpty($PARAM[type].Rating)</visible>
			</control>
			<control type="label">
				<label>$INFO[$PARAM[type].Rating]  •</label>
				<include>MetaLabelPlot</include>
				<visible>!String.IsEmpty($PARAM[type].Rating)</visible>
			</control>
			<control type="label">
				<label>&#xf4ce;</label>
				<font>Material26</font>
				<textcolor>red</textcolor>
				<include>MetaLabelPlot</include>
				<visible>String.IsEmpty($PARAM[type].Rating) + !String.IsEmpty(Container(2000).ListItem.Rating)</visible>
			</control>
			<control type="label">
				<label>$INFO[Container(2000).ListItem.Rating]   </label>
				<include>MetaLabelPlot</include>
				<visible>String.IsEmpty($PARAM[type].Rating) + !String.IsEmpty(Container(2000).ListItem.Rating)</visible>
			</control>
			<control type="image">
				<top>10</top>
				<animation effect="slide" end="0,2" time="0" condition="true">Conditional</animation>
				<width>24</width>
				<height>20</height>
				<texture>$VAR[RottenIcon]</texture>
				<aspectratio>keep</aspectratio>
				<visible>
					[
					[System.HasAddon(plugin.video.emby) | System.HasAddon(plugin.video.embycon)] + !String.IsEmpty($PARAM[type].UserRating) + !Skin.HasSetting(DisableEmbyUserRating)
					]
					| !String.IsEmpty(ListItem.Rating(tomatometerallcritics))
					| !String.IsEmpty(Container(2003).ListItem.Rating(tomatometerallcritics))
				</visible>
			</control>
			<control type="label">
				<label>$VAR[RottenRating,,   ]</label>
				<include>MetaLabelPlot</include>
				<visible>
					[
					[System.HasAddon(plugin.video.emby) | System.HasAddon(plugin.video.embycon)] + !String.IsEmpty($PARAM[type].UserRating) + !Skin.HasSetting(DisableEmbyUserRating)
					]
					| !String.IsEmpty(ListItem.Rating(tomatometerallcritics))
					| !String.IsEmpty(Container(2003).ListItem.Rating(tomatometerallcritics))
				</visible>
			</control>
		</definition>
	</include>
	<include name="MpaaIcon">
		<param name="type">ListItem</param>
		<definition>
			<control type="button">
				<animation effect="slide" end="0,0" time="0" condition="true">Conditional</animation>
				<width min="24">auto</width>
				<height>24</height>
				<font>MpaaFont</font>
				<label>$INFO[$PARAM[type].Mpaa]</label>
				<textoffsetx>7</textoffsetx>
				<align>center</align>
				<textcolor>text_white</textcolor>
				<disabledcolor>text_white</disabledcolor>
				<texturefocus border="10" colordiffuse="text_white">icons/rating/mpaa.png</texturefocus>
				<texturenofocus border="10" colordiffuse="text_white">icons/rating/mpaa.png</texturenofocus>
				<enable>false</enable>
				<visible>!String.IsEmpty($PARAM[type].Mpaa)</visible>
			</control>
			<control type="label">
				<width>12</width>
				<height>24</height>
				<label/>
				<visible>!String.IsEmpty($PARAM[type].Mpaa)</visible>
			</control>
		</definition>
	</include>
	<include name="MpaaIconPlot">
		<param name="type">ListItem</param>
		<definition>
			<height>40</height>
			<aligny>top</aligny>
			<control type="button">
				<animation effect="slide" end="0,0" time="0" condition="true">Conditional</animation>
				<width min="24">auto</width>
				<height>24</height>
				<font>MpaaFont</font>
				<label>$INFO[$PARAM[type].Mpaa]</label>
				<textoffsetx>7</textoffsetx>
				<align>center</align>
				<textcolor>text_white</textcolor>
				<disabledcolor>text_white</disabledcolor>
				<texturefocus border="10" colordiffuse="text_white">icons/rating/mpaa.png</texturefocus>
				<texturenofocus border="10" colordiffuse="text_white">icons/rating/mpaa.png</texturenofocus>
				<enable>false</enable>
				<visible>!String.IsEmpty($PARAM[type].Mpaa)</visible>
			</control>
			<control type="label">
				<width>12</width>
				<height>40</height>
				<label/>
				<visible>!String.IsEmpty($PARAM[type].Mpaa)</visible>
			</control>
		</definition>
	</include>
	<include name="CCIcon">
		<param name="visible">!String.IsEmpty(ListItem.SubtitleLanguage)</param>
		<definition>
			<control type="button">
				<animation effect="slide" end="0,-2" time="0" condition="true">Conditional</animation>
				<width min="24">auto</width>
				<height>28</height>
				<font>MpaaFont</font>
				<label>CC</label>
				<textoffsetx>10</textoffsetx>
				<align>center</align>
				<disabledcolor>text_white</disabledcolor>
				<texturefocus border="10" colordiffuse="grey_button">items/button.png</texturefocus>
				<texturenofocus border="10" colordiffuse="grey_button">items/button.png</texturenofocus>
				<enable>false</enable>
				<visible>$PARAM[visible]</visible>
			</control>
			<control type="label">
				<width>9</width>
				<height>24</height>
				<label/>
				<visible>$PARAM[visible]</visible>
			</control>
		</definition>
	</include>
	<include name="MetaGenre">
		<param name="type">ListItem</param>
		<param name="visible">true</param>
		<definition>
			<control type="group">
				<visible>$PARAM[visible]</visible>
				<control type="label">
					<top>-2</top>
					<animation effect="slide" end="0,2" time="0" condition="true">Conditional</animation>
					<width>auto</width>
					<label>$INFO[$PARAM[type].Genre,]$INFO[$PARAM[type].Director,$LOCALIZE[20339]: ]</label>
					<font>Reg22</font>
					<aligny>top</aligny>
					<textcolor>$VAR[AccentColor]</textcolor>
					<visible>!String.IsEqual(ListItem.DBType,set) + !String.IsEqual($PARAM[type].dbtype,tvshow) + !String.IsEqual($PARAM[type].property(call),tv)</visible>
					<visible>!String.IsEmpty($PARAM[type].Genre) | !String.IsEmpty($PARAM[type].Director)</visible>
				</control>
				<control type="label">
					<top>-2</top>
					<animation effect="slide" end="0,2" time="0" condition="true">Conditional</animation>
					<width>auto</width>
					<height>40</height>
					<label>$INFO[$PARAM[type].Genre,]$INFO[$PARAM[type].Director,$LOCALIZE[31371]: ]</label>
					<font>Reg22</font>
					<aligny>top</aligny>
					<textcolor>$VAR[AccentColor]</textcolor>
					<visible>!String.IsEqual(ListItem.DBType,set) + [String.IsEqual($PARAM[type].dbtype,tvshow) | String.IsEqual($PARAM[type].property(call),tv)]</visible>
					<visible>!String.IsEmpty($PARAM[type].Genre) | !String.IsEmpty($PARAM[type].Director)</visible>
				</control>
				<control type="label">
					<animation effect="slide" end="0,2" time="0" condition="true">Conditional</animation>
					<width>auto</width>
					<height>40</height>
					<label>$INFO[ListItem.AddonType,$LOCALIZE[21866]: ]</label>
					<font>Reg22</font>
					<aligny>top</aligny>
					<textcolor>$VAR[AccentColor]</textcolor>
					<visible>!String.IsEmpty(ListItem.AddonType)</visible>
				</control>
				<control type="label">
					<animation effect="slide" end="0,2" time="0" condition="true">Conditional</animation>
					<width>auto</width>
					<height>40</height>
					<label>[CAPITALIZE]$LOCALIZE[31189][/CAPITALIZE]</label>
					<font>Reg22</font>
					<aligny>top</aligny>
					<textcolor>$VAR[AccentColor]</textcolor>
					<visible>String.IsEqual(ListItem.DBType,set)</visible>
				</control>
			</control>
		</definition>
	</include>
	<include name="MetaGenreInfo">
		<param name="type">ListItem</param>
		<param name="visible">true</param>
		<definition>
			<control type="group">
				<visible>$PARAM[visible]</visible>
				<control type="label">
					<animation effect="slide" end="0,2" time="0" condition="true">Conditional</animation>
					<width>auto</width>
					<label>$INFO[$PARAM[type].Genre,[COLOR lightgrey]Géneros:[/COLOR] ,]$INFO[$PARAM[type].Director,$LOCALIZE[20339]: ]</label>
					<font>Reg22</font>
					<aligny>top</aligny>
					<visible>!String.IsEqual(ListItem.DBType,set) + !String.IsEqual($PARAM[type].dbtype,tvshow) + !String.IsEqual($PARAM[type].property(call),tv)</visible>
					<visible>!String.IsEmpty($PARAM[type].Genre) | !String.IsEmpty($PARAM[type].Director)</visible>
				</control>
				<control type="label">
					<animation effect="slide" end="0,2" time="0" condition="true">Conditional</animation>
					<width>auto</width>
					<height>40</height>
					<label>$INFO[$PARAM[type].Genre,[COLOR lightgrey]Géneros:[/COLOR] ,]$INFO[$PARAM[type].Director,$LOCALIZE[31371]: ]</label>
					<font>Reg22</font>
					<aligny>top</aligny>
					<visible>!String.IsEqual(ListItem.DBType,set) + [String.IsEqual($PARAM[type].dbtype,tvshow) | String.IsEqual($PARAM[type].property(call),tv)]</visible>
					<visible>!String.IsEmpty($PARAM[type].Genre) | !String.IsEmpty($PARAM[type].Director)</visible>
				</control>
				<control type="label">
					<animation effect="slide" end="0,2" time="0" condition="true">Conditional</animation>
					<width>auto</width>
					<height>40</height>
					<label>$INFO[ListItem.AddonType,$LOCALIZE[21866]: ]</label>
					<font>Reg22</font>
					<aligny>top</aligny>
					<visible>!String.IsEmpty(ListItem.AddonType)</visible>
				</control>
				<control type="label">
					<animation effect="slide" end="0,2" time="0" condition="true">Conditional</animation>
					<width>auto</width>
					<height>40</height>
					<label>[CAPITALIZE]$LOCALIZE[31189][/CAPITALIZE]</label>
					<font>Reg22</font>
					<aligny>top</aligny>
					<visible>String.IsEqual(ListItem.DBType,set)</visible>
				</control>
			</control>
		</definition>
	</include>
	<!-- Flags -->
	<include name="MetaFlags">
		<param name="type">MediaFlags</param>
		<param name="visible">true</param>
		<definition>
			<control type="grouplist">
				<animation effect="slide" time="0" end="-2,0" condition="true">Conditional</animation>
				<orientation>horizontal</orientation>
				<height>65</height>
				<itemgap>5</itemgap>
				<width>1040</width>
				<include>$PARAM[type]</include>
				<visible>$PARAM[visible]</visible>
			</control>
		</definition>
	</include>
	<include name="MediaFlags">
		<control type="button">
			<include>MetaFlagsButton</include>
			<label>3D</label>
			<visible>ListItem.IsStereoscopic</visible>
		</control>
		<control type="button">
			<include>MetaFlagsButton</include>
			<label>[UPPERCASE]$VAR[ListItemResolution][/UPPERCASE]</label>
			<visible>!String.IsEmpty(ListItem.VideoResolution)</visible>
		</control>
		<control type="button">
			<include>MetaFlagsButton</include>
			<label>[UPPERCASE]$INFO[ListItem.VideoCodec][/UPPERCASE]</label>
			<visible>!String.IsEmpty(ListItem.VideoCodec)</visible>
		</control>
		<control type="button">
			<include>MetaFlagsButton</include>
			<label>[UPPERCASE]HDR[/UPPERCASE]</label>
			<visible>$EXP[IsHDR] | $EXP[HasHDRTag]</visible>
		</control>
		<control type="button">
			<include>MetaFlagsButton</include>
			<label>$VAR[ListItemAudioChannels]</label>
			<visible>!String.IsEmpty(ListItem.AudioChannels)</visible>
		</control>
		<control type="button">
			<include>MetaFlagsButton</include>
			<label>$VAR[ListItemAudio]</label>
			<visible>!String.IsEmpty(ListItem.AudioChannels) + !String.IsEmpty(ListItem.AudioCodec)</visible>
		</control>
		<control type="button">
			<include>MetaFlagsButton</include>
			<label>$LOCALIZE[292] [UPPERCASE]$INFO[ListItem.AudioLanguage][/UPPERCASE]</label>
			<visible>!String.IsEmpty(ListItem.AudioLanguage)</visible>
		</control>
		<control type="button">
			<include>MetaFlagsButton</include>
			<label>$LOCALIZE[287] [UPPERCASE]$INFO[ListItem.SubtitleLanguage][/UPPERCASE]</label>
			<visible>!String.IsEmpty(ListItem.SubtitleLanguage)</visible>
		</control>
		<control type="button">
			<include>MetaFlagsButton</include>
			<label>$INFO[ListItem.DateAdded,$LOCALIZE[570]: ]</label>
			<visible>!String.IsEmpty(ListItem.DateAdded) + !String.IsEqual(ListItem.DBType,tvshow)</visible>
		</control>
		<control type="button">
			<include>MetaFlagsButton</include>
			<label>$INFO[ListItem.DateAdded,$LOCALIZE[12014]: ]</label>
			<visible>!String.IsEmpty(ListItem.DateAdded) + String.IsEqual(ListItem.DBType,tvshow)</visible>
		</control>
	</include>
	<include name="PVRFlags">
		<control type="button">
			<include>MetaFlagsButton</include>
			<label>$LOCALIZE[31161]</label>
			<visible>!ListItem.IsEncrypted</visible>
		</control>
		<control type="button">
			<include>MetaFlagsButton</include>
			<label>$LOCALIZE[31022]</label>
			<visible>ListItem.IsEncrypted</visible>
		</control>
		<control type="button">
			<include>MetaFlagsButton</include>
			<label>$LOCALIZE[31023]</label>
			<visible>ListItem.IsRecording</visible>
		</control>
		<control type="button">
			<include>MetaFlagsButton</include>
			<label>$LOCALIZE[31024]</label>
			<visible>ListItem.HasTimer</visible>
		</control>
		<control type="button">
			<include>MetaFlagsButton</include>
			<label>$LOCALIZE[31025]</label>
			<visible>ListItem.HasTimerSchedule</visible>
		</control>
	</include>
	<include name="AddonFlags">
		<control type="button">
			<texturefocus border="10" colordiffuse="blue">items/button.png</texturefocus>
			<texturenofocus border="10" colordiffuse="blue">items/button.png</texturenofocus>
			<include>MetaFlagsButton</include>
			<label>$LOCALIZE[24068]</label>
			<visible>ListItem.Property(Addon.HasUpdate)</visible>
		</control>
		<control type="button">
			<include>MetaFlagsButton</include>
			<label>$LOCALIZE[21341]</label>
			<visible>!ListItem.Property(Addon.HasUpdate)</visible>
		</control>
		<control type="button">
			<include>MetaFlagsButton</include>
			<label>$LOCALIZE[31333]</label>
			<visible>ListItem.IsAutoUpdateable</visible>
		</control>
		<control type="button">
			<include>MetaFlagsButton</include>
			<label>$LOCALIZE[31410]</label>
			<visible>!ListItem.IsAutoUpdateable</visible>
		</control>
	</include>
</includes>