<?xml version="1.0" encoding="UTF-8"?>
<addon id="skin.embuary.stva" version="1.1.4" name="Embuary STVA" provider-name="stva">
	<requires>
		<import addon="resource.language.es_es" />
		<import addon="xbmc.gui" version="5.15.0"/>
		<import addon="script.embuary.helper" />
		<import addon="script.skinshortcuts" />
	</requires>
	<extension point="xbmc.gui.skin" debugging="false">
		<res width="1920" height="1080" aspect="16:9" default="true" folder="xml" />
	</extension>
	<extension point="xbmc.addon.metadata">
		<summary lang="en_GB">Embuary STVA It is a Skin Wizard created from Sualfred's Skin Embuary Matrix</summary>
		<summary lang="es_ES">Embuary STVA es un Skin Wizard creado a partir del Skin Embuary Matrix de Sualfred. </summary>
		<description lang="en_GB">Embuary STVA It is a Skin Wizard created from Sualfred's Skin Embuary Matrix.[CR]Embuary STVA is modified to be able to obtain audiovisual content easily.</description>
		<description lang="es_ES">Embuary STVA es un Skin Wizard creado a partir del Skin Embuary Matrix de Sualfred.[CR]Skin modificado para poder obtener contenido audiovisual fácilmente, ofrece la instalación de varios addons y el skin ya está configurado para acceder a ellos.[CR]No es compatible con mouse. Optimizado para TV con mando.[CR][CR]web: [B]stva.ga[/B][CR]Foro: [B]stva.ga/foro[/B][CR]Telegram: [B]t.me/stvabuild[/B]</description>
		<disclaimer lang="en_GB">The Skin presents accesses to other addons that have nothing to do with STVA.[CR]STVA is not responsible for the content offered by said addons.</disclaimer>
		<disclaimer lang="es_ES">El skin presenta accesos a otros addons que no tienen nada que ver con STVA.[CR]STVA no se hace responsable del contenido que ofrezcan dichos addons.</disclaimer>
		<platform>all</platform>
		<license>CC-BY-NC-ND-4.0</license>
		<forum>https://stva.ga/foro/embuarystva/</forum>
		<source>https://github.com/stvabuild/repostva.matrix/skin.embuary.stva</source>
		<assets>
			<icon>icon.png</icon>
			<fanart>fanart.jpg</fanart>
			<screenshot>resources/screenshot-01.jpg</screenshot>
			<screenshot>resources/screenshot-02.jpg</screenshot>
			<screenshot>resources/screenshot-03.jpg</screenshot>
			<screenshot>resources/screenshot-04.jpg</screenshot>
			<screenshot>resources/screenshot-05.jpg</screenshot>
			<screenshot>resources/screenshot-06.jpg</screenshot>
			<screenshot>resources/screenshot-07.jpg</screenshot>
			<screenshot>resources/screenshot-08.jpg</screenshot>
			<screenshot>resources/screenshot-09.jpg</screenshot>
		</assets>
		<news>
[B]Version 1.1.4[/B] - 3/4/22
- Añadido al Startup la desactivación de los scripts del pack ajustes
- Añadida Sección, Instalador Pack Ajustes, en Ajustes de Skin
- Ahora se puede instalar y desactivar los addons instaladores del pack ajustes desde ajustes de Skin
- Añadida Sección, Canales de Ayuda, en Ajustes de Skin
- En Ajustes de Skin, Addons y dependencias, ahora torrest primero pide descargar su repositorio
- Cambiados widgets de inicio, Series en Tendencia, Películas en Tendencia, Series Populares y Películas Populares
- Cambiados widget Descubrir Series y Descubrir Películas
- Agregado consejo para usar micrófono en ventana de teclado
- Cambios en el diseño de los widgets
- Eliminada opción Esconder Etiquetas de Ajustes de Skin
- Ahora al llegar al última widget pasa al primero y al pulsar atrás el foco pasa al menú superior
- Cambiada opacidad del fondo
- Añadida opción para Activar/Desactivar el Autoplay de Alfa en Ajustes de Skin > General > Setup
- Reajustada ventana de Trailer Automático
- Corregido otro bucle en el startup
- Añadida Lista de Deseos de Alfa como Categoría de Películas</news>
	</extension>
</addon>
