{
  "id": "grantorrent",
  "name": "GranTorrent",
  "active": true,
  "adult": false,
  "language": ["cast", "lat"],
  "thumbnail": "https://i.postimg.cc/crqnx0Kc/grantorrent.jpg",
  "banner": "grantorrent.png",
  "fanart": "https://i.postimg.cc/jjYFR6dY/grantorrent.png",
  "categories": [
    "torrent",
    "movie",
    "tvshow",
    "vos"
  ],
  "settings": [
    {
      "id": "include_in_global_search",
      "type": "bool",
      "label": "Incluir en busqueda global",
      "default": true,
      "enabled": true,
      "visible": true
    },
    {
      "id": "modo_grafico",
      "type": "bool",
      "label": "Buscar información extra (TMDB)",
      "default": true,
      "enabled": true,
      "visible": true
    },
    {
      "id": "pseudo_titulos",
      "type": "bool",
      "label": "Desea ver Pseudo títulos de ayuda?",
      "default": true,
      "enabled": true,
      "visible": true
    },
    {
      "id": "auto_download_new",
      "type": "bool",
      "label": "Desea que se descarguen automáticamente los nuevos episodios de la Videoteca?",
      "default": false,
      "enabled": true,
      "visible": true
    },
    {
      "id": "filter_languages",
      "type": "list",
      "label": "Mostrar enlaces en idioma...",
      "default": 0,
      "enabled": true,
      "visible": true,
      "lvalues": [
        "No filtrar",
        "CAST",
        "LAT",
        "VO",
        "VOS",
        "VOSE"
      ]
    },
    {
      "id": "emergency_urls",
      "type": "list",
      "label": "Se quieren guardar Enlaces de Emergencia por si se cae la Web?",
      "default": 1,
      "enabled": true,
      "visible": true,
      "lvalues": [
        "No",
        "Guardar",
        "Borrar",
        "Actualizar"
      ]
    },
    {
      "id": "emergency_urls_torrents",
      "type": "bool",
      "label": "Se quieren guardar Torrents de Emergencia por si se cae la Web?",
      "default": true,
      "enabled": true,
      "visible": "!eq(-1,'No')"
    },
    {
      "id": "seleccionar_serie_temporada",
      "type": "list",
      "label": "Seleccionar agrupar por Serie o Temporada",
      "default": 0,
      "enabled": true,
      "visible": true,
      "lvalues": [
        "Temporada",
        "Serie"
      ]
    },
    {
      "id": "seleccionar_ult_temporadda_activa",
      "type": "bool",
      "label": "Seleccionar para Videoteca si estará activa solo la última Temporada",
      "default": true,
      "enabled": true,
      "visible": true
    },
    {
      "id": "timeout_downloadpage",
      "type": "list",
      "label": "Timeout (segs.) en descarga de páginas o verificación de servidores",
      "default": 15,
      "enabled": true,
      "visible": true,
      "lvalues": [
        "None",
        "1",
        "2",
        "3",
        "4",
        "5",
        "6",
        "7",
        "8",
        "9",
        "10",
        "11",
        "12",
        "13",
        "14",
        "15"
      ]
    },
    {
      "id": "include_in_newest_4k",
      "type": "bool",
      "label": "Incluir en Novedades - 4K",
      "default": true,
      "enabled": true,
      "visible": true
    }
  ]
}
