<?xml version="1.0" encoding="UTF-8"?>
<includes>
	<!-- movie -->
	<include name="MovieInfoLayout">
		<!-- Background -->
		<include>MultiFanart</include>
		<include>Background</include>
		<!-- Dialog -->
		<control type="grouplist" id="500">
			<include>Window_OpenClose</include>
			<width>100%</width>
			<height>100%</height>
			<orientation>vertical</orientation>
			<usecontrolcoords>true</usecontrolcoords>
			<include>ScrollTime</include>
			<itemgap>-80</itemgap>
			<pagecontrol>17</pagecontrol>
			<!-- Meta -->
			<control type="group">
				<top>90</top>
				<width>100%</width>
				<height>480</height>
				<!-- poster -->
				<include>MetaPoster</include>
				<!-- meta -->
				<control type="group">
					<top>-5</top>
					<left>370</left>
					<right>70</right>
					<height>500</height>
					<!-- title -->
					<control type="label">
						<right>440</right>
						<height>60</height>
						<label>$INFO[ListItem.Title]</label>
						<aligny>top</aligny>
						<font>Reg37</font>
					</control>
					<!-- meta -->
					<control type="group">
						<top>60</top>
						<right>440</right>
						<height>40</height>
						<include>MetaMovieInfos</include>
					</control>
					<!-- buttons -->
					<control type="list" id="100">
						<include>FocusBounce</include>
						<top>88</top>
						<height>130</height>
						<width>100%</width>
						<orientation>horizontal</orientation>
						<defaultcontrol always="true">0</defaultcontrol>
						<onright>noop</onright>
						<onleft>noop</onleft>
						<ondown>200</ondown>
						<itemlayout height="130" width="146">
							<include content="IconMenu">
								<param name="id" value="100"/>
							</include>
						</itemlayout>
						<focusedlayout height="130" width="146">
							<include content="IconMenu">
								<param name="id" value="100"/>
								<param name="focused" value="true"/>
							</include>
						</focusedlayout>
						<content>
							<item>
								<visible>!String.IsEmpty(ListItem.FileNameAndPath)</visible>
								<label>$VAR[VideoInfoButton8]</label>
								<property name="icon">&#xf40a;</property>
								<onclick condition="![$EXP[ForceCinemaMode] + !String.IsEmpty(ListItem.DBID) + !String.IsEqual(Skin.String(CinemaModeFor),episodes) + !Integer.IsGreater(ListItem.PercentPlayed,0)]">SendClick(8)</onclick>
								<onclick condition="$EXP[ForceCinemaMode] + !String.IsEmpty(ListItem.DBID) + !String.IsEqual(Skin.String(CinemaModeFor),episodes) + !Integer.IsGreater(ListItem.PercentPlayed,0)">RunScript(script.embuary.helper,action=playcinema,dbid=$INFO[ListItem.DBID],type=$INFO[ListItem.DBType],title='$ESCINFO[ListItem.Title]')</onclick>
							</item>
							<item>
								<visible>!String.IsEmpty(ListItem.SetId) + !String.IsEmpty(ListItem.DBID)</visible>
								<label>[CAPITALIZE]$LOCALIZE[31189][/CAPITALIZE]</label>
								<property name="icon">&#xf24b;</property>
								<onclick>RunScript(script.embuary.helper,action=goto,path='"videodb://movies/sets/$INFO[ListItem.SetId]/?setid=$INFO[ListItem.SetId]"',target=videos)</onclick>
							</item>
							<item>
								<visible>!String.IsEmpty(ListItem.Trailer)</visible>
								<label>$LOCALIZE[20410]</label>
								<property name="icon">&#xf230;</property>
								<onclick>SendClick(11)</onclick>
							</item>
							<item>
								<visible>!String.IsEmpty(ListItem.Plot) | !String.IsEmpty(Container(2001).ListItem.Label)</visible>
								<label>$LOCALIZE[207]</label>
								<property name="icon">&#xf9a9;</property>
								<onclick>RunScript(script.embuary.helper,action=textviewer,header='$ESCINFO[ListItem.Title]',message='$ESCINFO[ListItem.Plot]')</onclick>
							</item>
							<item>
								<visible>System.HasAddon(plugin.video.youtube)</visible>
								<label>YouTube</label>
								<property name="icon">&#xf5c3;</property>
								<onclick>RunScript(script.embuary.helper,action=goto,path='"plugin://plugin.video.youtube/kodion/search/query/?q=$INFO[ListItem.Title]&amp;search_type=videos"',target=videos)</onclick>
							</item>
							<item>
								<visible>System.HasAddon(script.embuary.info)</visible>
								<label>TMDb</label>
								<property name="icon">&#xF64E;</property>
								<onclick condition="String.IsEqual(ListItem.DBType,movie) + !String.IsEmpty(ListItem.IMDBNumber) + !String.StartsWith(ListItem.IMDBNumber,xx)">RunScript(script.embuary.info,call=movie,external_id=$INFO[ListItem.IMDBNumber])</onclick>
								<onclick condition="String.IsEqual(ListItem.DBType,movie) + [String.IsEmpty(ListItem.IMDBNumber) | String.StartsWith(ListItem.IMDBNumber,xx)]">RunScript(script.embuary.info,call=movie,query='$ESCINFO[ListItem.Title]',year=$INFO[ListItem.Year])</onclick>
							</item>
							<item>
								<visible>$EXP[HasEmbyContext] | $EXP[HasEmbyConContext] | $EXP[HasLibraryEditButton]</visible>
								<label>$LOCALIZE[31366]</label>
								<property name="icon">&#xf1d8;</property>
								<onclick condition="!$EXP[HasEmbyContext] + $EXP[HasLibraryEditButton]">SetFocus(4000)</onclick>
								<onclick condition="$EXP[HasEmbyContext]">RunScript(special://home/addons/plugin.video.emby/context.py)</onclick>
								<onclick condition="$EXP[HasEmbyConContext]">RunPlugin(plugin://plugin.video.embycon?mode=SHOW_MENU&amp;item_id=$INFO[ListItem.Property(id)])</onclick>
							</item>
						</content>
					</control>
					<!-- genre -->
					<control type="group">
						<top>209</top>
						<include>MetaGenre</include>
					</control>
					<!-- plot -->
					<control type="textbox">
						<top>246</top>
						<width>100%</width>
						<height max="135">auto</height>
						<align>justify</align>
						<aligny>top</aligny>
						<label>$VAR[SetViewPlot]</label>
						<font>Light24</font>
						<autoscroll>false</autoscroll>
					</control>
					<!-- video meta-->
					<control type="group">
						<top>390</top>
						<height>40</height>
						<include>MetaMediaInfo</include>
					</control>
				</control>
				<!-- logo -->
				<include>MetaClearlogo</include>
			</control>
			<!-- Cast -->
			<include content="CastWidget">
				<param name="visible" value="!String.IsEmpty(ListItem.Cast)"/>
				<param name="id" value="200"/>
				<param name="onup" value="100"/>
				<param name="ondown" value="201"/>
				<param name="content" value="$VAR[View_Cast_Content]"/>
			</include>
			<!-- Set -->
			<include content="PosterWidget">
				<param name="visible" value="!String.IsEmpty(ListItem.SetId)"/>
				<param name="id" value="201"/>
				<param name="onup" value="200"/>
				<param name="ondown" value="202"/>
				<param name="headline" value="$INFO[ListItem.Set]"/>
				<param name="sortby" value="year"/>
				<param name="use_custom_onclick" value="true"/>
				<param name="onclick" value="RunScript(script.embuary.helper,action=playitem,item='$ESCINFO[ListItem.Filenameandpath]')"/>
				<param name="content" value="videodb://movies/sets/$INFO[ListItem.SetId]/?setid=$INFO[ListItem.SetId]"/>
			</include>
			<!-- Main actor movies -->
			<include content="PosterWidget">
				<param name="visible" value="!String.IsEmpty(ListItem.DBID) + !String.IsEmpty(ListItem.Cast)"/>
				<param name="id" value="202"/>
				<param name="onup" value="201"/>
				<param name="ondown" value="203"/>
				<param name="headline" value="$LOCALIZE[31334] $INFO[Container(202).ListItem.Property(searchstring)]"/>
				<param name="sortby" value="random"/>
				<param name="use_custom_onclick" value="true"/>
				<param name="onclick" value="RunScript(script.embuary.helper,action=playitem,item='$ESCINFO[ListItem.Filenameandpath]')"/>
				<param name="content" value="plugin://script.embuary.helper/?info=getitemsbyactor&amp;dbid=$INFO[ListItem.DBID]&amp;type=movie"/>
			</include>
			<!-- Director movies -->
			<include content="PosterWidget">
				<param name="visible" value="!String.IsEmpty(ListItem.DBID) + !String.IsEmpty(ListItem.Director)"/>
				<param name="id" value="203"/>
				<param name="onup" value="202"/>
				<param name="ondown" value="204"/>
				<param name="headline" value="$LOCALIZE[31287] $INFO[Container(203).ListItem.Property(searchstring)]"/>
				<param name="sortby" value="random"/>
				<param name="use_custom_onclick" value="true"/>
				<param name="onclick" value="RunScript(script.embuary.helper,action=playitem,item='$ESCINFO[ListItem.Filenameandpath]')"/>
				<param name="content" value="plugin://script.embuary.helper/?info=getdirectedby&amp;dbid=$INFO[ListItem.DBID]"/>
			</include>
			<!-- More like this -->
			<include content="PosterWidget">
				<param name="id" value="204"/>
				<param name="onup" value="203"/>
				<param name="ondown" value="205"/>
				<param name="headline" value="$LOCALIZE[31002]"/>
				<param name="limit" value="15"/>
				<param name="sortby" value="random"/>
				<param name="use_custom_onclick" value="true"/>
				<param name="onclick" value="RunScript(script.embuary.helper,action=playitem,item='$ESCINFO[ListItem.Filenameandpath]')"/>
				<param name="content" value="$VAR[InfoDialog_MoreLikeThis_Content]"/>
			</include>
			<!-- Media Info -->
			<include content="InfoDialogMediaInfo">
				<param name="id" value="205"/>
				<param name="onup" value="204"/>
				<param name="ondown" value="noop"/>
			</include>
		</control>
		<!-- header bar -->
		<include content="HeaderBar">
			<param name="id">500</param>
		</include>
		<!-- side panel -->
		<include content="SidePanel">
			<param name="onright">500</param>
		</include>
	</include>
	<!-- tvshow -->
	<include name="TVShowInfoLayout">
		<!-- Background -->
		<include>MultiFanart</include>
		<include>Background</include>
		<!-- Dialog -->
		<control type="grouplist" id="500">
			<include>Window_OpenClose</include>
			<width>100%</width>
			<height>100%</height>
			<orientation>vertical</orientation>
			<usecontrolcoords>true</usecontrolcoords>
			<include>ScrollTime</include>
			<itemgap>-80</itemgap>
			<pagecontrol>17</pagecontrol>
			<!-- Meta -->
			<control type="group">
				<top>90</top>
				<height>480</height>
				<!-- poster -->
				<include content="MetaPoster">
					<param name="use_unwatched_property" value="!String.IsEmpty(Container(2000).ListItem.Property(unwatchedepisodes))"/>
				</include>
				<!-- meta -->
				<control type="group">
					<top>-5</top>
					<left>370</left>
					<right>70</right>
					<height>500</height>
					<!-- title -->
					<control type="label">
						<right>440</right>
						<height>60</height>
						<label>$INFO[ListItem.TvShowTitle]</label>
						<aligny>top</aligny>
						<font>Reg37</font>
					</control>
					<!-- meta -->
					<control type="group">
						<top>60</top>
						<right>440</right>
						<height>40</height>
						<include>MetaShowInfos</include>
					</control>
					<!-- buttons -->
					<control type="list" id="100">
						<top>88</top>
						<height>130</height>
						<width>100%</width>
						<orientation>horizontal</orientation>
						<defaultcontrol always="true">0</defaultcontrol>
						<onright>noop</onright>
						<onleft>noop</onleft>
						<ondown>200</ondown>
						<include>FocusBounce</include>
						<itemlayout height="130" width="146">
							<include content="IconMenu">
								<param name="id" value="100"/>
							</include>
						</itemlayout>
						<focusedlayout height="130" width="146">
							<include content="IconMenu">
								<param name="id" value="100"/>
								<param name="focused" value="true"/>
							</include>
						</focusedlayout>
						<content>
							<item>
								<visible>
									[String.StartsWith(ListItem.Path,plugin://) + !String.StartsWith(ListItem.Path,plugin://plugin.video.emby.) + !String.IsEmpty(ListItem.Filenameandpath)]
									| [[!String.StartsWith(ListItem.Path,plugin://) | String.StartsWith(ListItem.Path,plugin://plugin.video.emby.)] + !String.IsEmpty(ListItem.DBID)]
								</visible>
								<label>$VAR[VideoInfoButton8]</label>
								<property name="icon">$VAR[VideoInfoButton8Icon]</property>
								<onclick condition="!String.StartsWith(ListItem.Path,plugin://) | String.StartsWith(ListItem.Path,plugin://plugin.video.emby.)">RunScript(script.embuary.helper,action=goto,path='"videodb://tvshows/titles/$INFO[ListItem.DBID]/"',target=videos)</onclick>
								<onclick condition="String.StartsWith(ListItem.Path,plugin://) + !String.StartsWith(ListItem.Path,plugin://plugin.video.emby.)">RunScript(script.embuary.helper,action=goto,path='$ESCINFO[ListItem.Filenameandpath]',target=videos)</onclick>
							</item>
							<item>
								<visible>
									![String.StartsWith(ListItem.Path,plugin://) + !String.StartsWith(ListItem.Path,plugin://plugin.video.emby.) + !String.IsEmpty(ListItem.Filenameandpath)]
									+ ![[!String.StartsWith(ListItem.Path,plugin://) | String.StartsWith(ListItem.Path,plugin://plugin.video.emby.)] + !String.IsEmpty(ListItem.DBID)]
								</visible>
								<label>$VAR[VideoInfoButton8]</label>
								<property name="icon">$VAR[VideoInfoButton8Icon]</property>
								<onclick>SendClick(8)</onclick>
							</item>
							<item>
								<label>$LOCALIZE[208]</label>
								<property name="icon">&#xf40a;</property>
								<onclick>RunScript(script.embuary.helper,action=playfolder,dbid=$INFO[ListItem.DBID])</onclick>
								<visible>!String.IsEmpty(ListItem.DBID) + String.IsEqual(ListItem.DBType,tvshow)</visible>
							</item>
							<item>
								<label>$LOCALIZE[31323]</label>
								<property name="icon">&#xf49d;</property>
								<onclick>RunScript(script.embuary.helper,action=playfolder,dbid=$INFO[ListItem.DBID],shuffle=true)</onclick>
								<visible>!String.IsEmpty(ListItem.DBID) + String.IsEqual(ListItem.DBType,tvshow)</visible>
							</item>
							<item>
								<visible>!String.IsEmpty(ListItem.Plot)</visible>
								<label>$LOCALIZE[207]</label>
								<property name="icon">&#xf9a9;</property>
								<onclick>RunScript(script.embuary.helper,action=textviewer,header='$ESCINFO[ListItem.TVShowTitle]',message='$ESCVAR[TinyInfoDialogPlot]')</onclick>
							</item>
							<item>
								<visible>System.HasAddon(plugin.video.youtube)</visible>
								<label>YouTube</label>
								<property name="icon">&#xf5c3;</property>
								<onclick>RunScript(script.embuary.helper,action=goto,path='"plugin://plugin.video.youtube/kodion/search/query/?q=$INFO[ListItem.TVShowTitle]&amp;search_type=videos"',target=videos)</onclick>
							</item>
							<item>
								<visible>System.HasAddon(script.embuary.info)</visible>
								<label>TMDb</label>
								<property name="icon">&#xF64E;</property>
								<onclick condition="String.IsEqual(ListItem.DBType,tvshow)">RunScript(script.embuary.info,call=tv,dbid=$INFO[ListItem.DBID])</onclick>
							</item>
							<item>
								<visible>$EXP[HasEmbyContext] | $EXP[HasEmbyConContext] | $EXP[HasLibraryEditButton]</visible>
								<label>$LOCALIZE[31366]</label>
								<property name="icon">&#xf1d8;</property>
								<onclick condition="!$EXP[HasEmbyContext] + $EXP[HasLibraryEditButton]">SetFocus(4000)</onclick>
								<onclick condition="$EXP[HasEmbyContext]">RunScript(special://home/addons/plugin.video.emby/context.py)</onclick>
								<onclick condition="$EXP[HasEmbyConContext]">RunPlugin(plugin://plugin.video.embycon?mode=SHOW_MENU&amp;item_id=$INFO[ListItem.Property(id)])</onclick>
							</item>
						</content>
					</control>
					<!-- genre -->
					<control type="group">
						<top>209</top>
						<include>MetaGenre</include>
					</control>
					<!-- plot -->
					<control type="textbox">
						<top>246</top>
						<width>100%</width>
						<height max="135">auto</height>
						<align>justify</align>
						<aligny>top</aligny>
						<label>$INFO[ListItem.Plot]</label>
						<font>Light24</font>
						<autoscroll>false</autoscroll>
					</control>
					<!-- video meta-->
					<control type="group">
						<top>390</top>
						<height>40</height>
						<include>MetaMediaInfo</include>
					</control>
				</control>
				<!-- meta -->
				<control type="grouplist">
					<visible>false</visible>
					<left>370</left>
					<orientation>vertical</orientation>
					<align>top</align>
					<itemgap>0</itemgap>
					<width>1480</width>
					<control type="label">
						<width>1040</width>
						<height>60</height>
						<label>$INFO[ListItem.Title]</label>
						<aligny>top</aligny>
						<font>Reg37</font>
					</control>
					<!-- meta -->
					<include>MetaShowInfos</include>
					<!-- buttons -->
					<control type="grouplist" id="100">
						<height>70</height>
						<orientation>horizontal</orientation>
						<itemgap>5</itemgap>
						<onright>noop</onright>
						<onleft>noop</onleft>
						<control type="button" id="101">
							<visible>!Control.IsVisible(102) + !Control.IsVisible(8)</visible>
							<include>LightGreyButton</include>
							<label>$LOCALIZE[15067]</label>
							<ondown>200</ondown>
							<onclick>close</onclick>
						</control>
						<control type="button" id="102">
							<visible>
								[String.StartsWith(ListItem.Path,plugin://) + !String.StartsWith(ListItem.Path,plugin://plugin.video.emby.) + !String.IsEmpty(ListItem.Filenameandpath)]
								| [[!String.StartsWith(ListItem.Path,plugin://) | String.StartsWith(ListItem.Path,plugin://plugin.video.emby.)] + !String.IsEmpty(ListItem.DBID)]
							</visible>
							<include>LightGreyButton</include>
							<label>$LOCALIZE[31011]</label>
							<onclick condition="!String.StartsWith(ListItem.Path,plugin://) | String.StartsWith(ListItem.Path,plugin://plugin.video.emby.)">RunScript(script.embuary.helper,action=goto,path='"videodb://tvshows/titles/$INFO[ListItem.DBID]/"',target=videos)</onclick>
							<onclick condition="String.StartsWith(ListItem.Path,plugin://) + !String.StartsWith(ListItem.Path,plugin://plugin.video.emby.)">RunScript(script.embuary.helper,action=goto,path='$ESCINFO[ListItem.Filenameandpath]',target=videos)</onclick>
							<ondown>200</ondown>
						</control>
						<control type="button" id="8">
							<visible>!Control.IsVisible(102)</visible>
							<include>LightGreyButton</include>
							<label>$VAR[VideoInfoButton8]</label>
							<ondown>200</ondown>
						</control>
						<control type="button" id="11">
							<visible>!String.IsEmpty(ListItem.Trailer)</visible>
							<include>LightGreyButton</include>
							<label>$LOCALIZE[20410]</label>
							<ondown>200</ondown>
						</control>
						<control type="button" id="97">
							<visible>!String.IsEmpty(ListItem.Plot)</visible>
							<include>LightGreyButtonRound</include>
							<font>Material24</font>
							<label>&#xf9a9;</label>
							<onclick>RunScript(script.embuary.helper,action=textviewer,header='$ESCINFO[ListItem.TVShowTitle]',message='$ESCVAR[TinyInfoDialogPlot]')</onclick>
							<ondown>200</ondown>
						</control>
						<control type="button" id="105">
							<visible>System.HasAddon(plugin.video.youtube)</visible>
							<include>LightGreyButtonRound</include>
							<font>Material24</font>
							<label>&#xf5c3;</label>
							<ondown>200</ondown>
							<onclick>RunScript(script.embuary.helper,action=goto,path='"plugin://plugin.video.youtube/kodion/search/query/?q=$INFO[ListItem.TVShowTitle]&amp;search_type=videos"',target=videos)</onclick>
							<ondown>200</ondown>
						</control>
						<control type="button" id="103">
							<visible>$EXP[HasEmbyContext] | $EXP[HasLibraryEditButton] | $EXP[HasEmbyConContext]</visible>
							<include>LightGreyButtonRound</include>
							<font>Material24</font>
							<label>&#xf1d8;</label>
							<ondown>200</ondown>
							<onclick condition="!$EXP[HasEmbyContext] + $EXP[HasLibraryEditButton]">SetFocus(4000)</onclick>
							<onclick condition="$EXP[HasEmbyContext]">RunScript(special://home/addons/plugin.video.emby/context.py)</onclick>
							<onclick condition="$EXP[HasEmbyConContext]">RunPlugin(plugin://plugin.video.embycon?mode=SHOW_MENU&amp;item_id=$INFO[ListItem.Property(id)])</onclick>
						</control>
					</control>
					<!-- genre -->
					<include>MetaGenre</include>
					<!-- plot -->
					<control type="textbox">
						<width>100%</width>
						<height max="135">auto</height>
						<align>justify</align>
						<aligny>top</aligny>
						<label>$INFO[ListItem.Plot]</label>
						<font>Light24</font>
						<autoscroll>false</autoscroll>
					</control>
					<control type="label">
						<height>20</height>
					</control>
					<!-- flags -->
					<include>MetaFlags</include>
				</control>
				<!-- logo -->
				<include>MetaClearlogo</include>
			</control>
			<!-- Next Up -->
			<include content="WideWidget">
				<param name="visible" value="!String.StartsWith(ListItem.Path,plugin://plugin.video.embycon)"/>
				<param name="id" value="200"/>
				<param name="onup" value="100"/>
				<param name="ondown" value="201"/>
				<param name="headline" value="$LOCALIZE[31012]"/>
				<param name="sublabel" value="$VAR[DurationMinutes]"/>
				<param name="sortby" value="playcount"/>
				<param name="sortorder" value="ascending"/>
				<param name="limit" value="1"/>
				<param name="icon" value="$VAR[IconEpisodeThumb]"/>
				<param name="use_custom_onclick" value="true"/>
				<param name="onclick" value="RunScript(script.embuary.helper,action=playitem,item='$ESCINFO[ListItem.Filenameandpath]')"/>
				<param name="content" value="$VAR[InfoDialog_NextUp_Content]"/>
			</include>
			<include content="WideWidget">
				<param name="visible" value="String.StartsWith(ListItem.Path,plugin://plugin.video.embycon)"/>
				<param name="id" value="201"/>
				<param name="onup" value="200"/>
				<param name="ondown" value="202"/>
				<param name="headline" value="$LOCALIZE[31012]"/>
				<param name="sublabel" value="$VAR[DurationMinutes]"/>
				<param name="limit" value="1"/>
				<param name="icon" value="$VAR[IconEpisodeThumb]"/>
				<param name="use_custom_onclick" value="true"/>
				<param name="onclick" value="RunScript(script.embuary.helper,action=playitem,item='$ESCINFO[ListItem.Filenameandpath]')"/>
				<param name="content" value="$VAR[InfoDialog_NextUp_Content]"/>
			</include>
			<!-- Seasons -->
			<include content="PosterWidget">
				<param name="visible" value="Integer.IsGreater(ListItem.Season,1)"/>
				<param name="id" value="202"/>
				<param name="onup" value="201"/>
				<param name="ondown" value="203"/>
				<param name="headline" value="$LOCALIZE[33054]"/>
				<param name="sublabel" value=""/>
				<param name="height" value="551"/>
				<param name="sortby" value="season"/>
				<param name="use_custom_onclick" value="String.StartsWith(ListItem.Path,plugin://plugin.video.embycon)"/>
				<param name="onclick" value="RunScript(script.embuary.helper,action=goto,path='$ESCINFO[ListItem.Filenameandpath]',target=videos)"/>
				<param name="content" value="$VAR[InfoDialog_Season_Content]"/>
			</include>
			<!-- Cast -->
			<include content="CastWidget">
				<param name="visible" value="!String.IsEmpty(ListItem.Cast)"/>
				<param name="id" value="203"/>
				<param name="onup" value="202"/>
				<param name="ondown" value="204"/>
				<param name="content" value="$VAR[View_Cast_Content]"/>
			</include>
			<!-- More like this -->
			<include content="PosterWidget">
				<param name="id" value="204"/>
				<param name="onup" value="203"/>
				<param name="ondown" value="noop"/>
				<param name="headline" value="$LOCALIZE[31002]"/>
				<param name="limit" value="15"/>
				<param name="sortby" value="random"/>
				<param name="use_custom_onclick" value="String.StartsWith(ListItem.Path,plugin://plugin.video.embycon)"/>
				<param name="onclick" value="RunScript(script.embuary.helper,action=goto,path='$ESCINFO[ListItem.Filenameandpath]',target=videos)"/>
				<param name="content" value="$VAR[InfoDialog_MoreLikeThis_Content]"/>
			</include>
		</control>
		<!-- header bar -->
		<include content="HeaderBar">
			<param name="id">500</param>
		</include>
		<!-- side panel -->
		<include content="SidePanel">
			<param name="onright">500</param>
		</include>
	</include>
	<!-- episode -->
	<include name="EpisodeInfoLayout">
		<!-- Background -->
		<include content="MultiFanart">
			<param name="art" value="tvshow.fanart"/>
		</include>
		<include>Background</include>
		<!-- Dialog -->
		<control type="grouplist" id="500">
			<include>Window_OpenClose</include>
			<width>100%</width>
			<height>100%</height>
			<orientation>vertical</orientation>
			<usecontrolcoords>true</usecontrolcoords>
			<include>ScrollTime</include>
			<itemgap>-80</itemgap>
			<pagecontrol>17</pagecontrol>
			<!-- Meta -->
			<control type="group">
				<top>90</top>
				<width>100%</width>
				<height>486</height>
				<!-- thumb -->
				<include>MetaThumbnail</include>
				<control type="group">
					<top>-5</top>
					<left>524</left>
					<right>70</right>
					<height>500</height>
					<control type="label">
						<right>440</right>
						<height>50</height>
						<label>$INFO[ListItem.TvShowTitle]</label>
						<font>Reg37</font>
						<aligny>top</aligny>
					</control>
					<control type="label">
						<top>50</top>
						<right>440</right>
						<height>60</height>
						<label>$VAR[ListItemSeasonEpisode]$INFO[ListItem.Title]</label>
						<font>Reg37</font>
						<aligny>top</aligny>
					</control>
					<!-- meta -->
					<control type="group">
						<top>110</top>
						<right>440</right>
						<height>40</height>
						<include>MetaEpisodeInfos</include>
					</control>
					<!-- buttons -->
					<control type="list" id="100">
						<top>138</top>
						<height>130</height>
						<width>100%</width>
						<orientation>horizontal</orientation>
						<defaultcontrol always="true">0</defaultcontrol>
						<onright>noop</onright>
						<onleft>noop</onleft>
						<ondown>200</ondown>
						<include>FocusBounce</include>
						<itemlayout height="130" width="146">
							<include content="IconMenu">
								<param name="id" value="100"/>
							</include>
						</itemlayout>
						<focusedlayout height="130" width="146">
							<include content="IconMenu">
								<param name="id" value="100"/>
								<param name="focused" value="true"/>
							</include>
						</focusedlayout>
						<content>
							<item>
								<visible>!String.IsEmpty(ListItem.FileNameAndPath)</visible>
								<label>$VAR[VideoInfoButton8]</label>
								<property name="icon">&#xf40a;</property>
								<onclick condition="![$EXP[ForceCinemaMode] + !String.IsEmpty(ListItem.DBID) + !String.IsEqual(Skin.String(CinemaModeFor),movies) + !Integer.IsGreater(ListItem.PercentPlayed,0)]">SendClick(8)</onclick>
								<onclick condition="$EXP[ForceCinemaMode] + !String.IsEmpty(ListItem.DBID) + !String.IsEqual(Skin.String(CinemaModeFor),movies) + !Integer.IsGreater(ListItem.PercentPlayed,0)">RunScript(script.embuary.helper,action=playcinema,dbid=$INFO[ListItem.DBID],type=$INFO[ListItem.DBType],title='$ESCINFO[ListItem.Label]')</onclick>
							</item>
							<item>
								<visible>!String.IsEmpty(ListItem.DBID) | !String.IsEmpty(ListItem.Property(series_id))</visible>
								<label>$LOCALIZE[1024]</label>
								<property name="icon">&#xf24b;</property>
								<onclick condition="!String.StartsWith(ListItem.Path,plugin://plugin.video.embycon) + String.IsEqual(Container.Foldername,ListItem.TVShowTitle)">close</onclick>
								<onclick condition="!String.StartsWith(ListItem.Path,plugin://plugin.video.embycon) + !String.IsEqual(Container.Foldername,ListItem.TVShowTitle)">RunScript(script.embuary.helper,action=jumptoshow_by_episode,dbid=$INFO[ListItem.DBID])</onclick>
								<onclick condition="String.StartsWith(ListItem.Path,plugin://plugin.video.embycon)">RunScript(script.embuary.helper,action=goto,path='"plugin://plugin.video.embycon/?media_type=Series&amp;mode=GET_CONTENT&amp;url=%7bserver%7d%2femby%2fShows%2f$INFO[ListItem.Property(series_id)]%2fSeasons%3fuserId%3d%7buserid%7d%26Fields%3d%7bfield_filters%7d%26format%3djson"',target=videos)</onclick>
							</item>
							<item>
								<visible>!String.IsEmpty(ListItem.Plot)</visible>
								<label>$LOCALIZE[207]</label>
								<property name="icon">&#xf9a9;</property>
								<onclick>RunScript(script.embuary.helper,action=textviewer,header='$ESCINFO[ListItem.TVShowTitle]',message='$ESCVAR[TinyInfoDialogPlot]')</onclick>>
							</item>
							<item>
								<visible>System.HasAddon(script.embuary.info)</visible>
								<label>TMDb</label>
								<property name="icon">&#xF64E;</property>
								<onclick>RunScript(script.embuary.info,call=tv,query=$INFO[ListItem.TVShowTitle])</onclick>
							</item>
							<item>
								<visible>$EXP[HasEmbyContext] | $EXP[HasLibraryEditButton] | $EXP[HasEmbyConContext]</visible>
								<label>$LOCALIZE[31366]</label>
								<property name="icon">&#xf1d8;</property>
								<onclick condition="!$EXP[HasEmbyContext] + $EXP[HasLibraryEditButton]">SetFocus(4000)</onclick>
								<onclick condition="$EXP[HasEmbyContext]">RunScript(special://home/addons/plugin.video.emby/context.py)</onclick>
								<onclick condition="$EXP[HasEmbyConContext]">RunPlugin(plugin://plugin.video.embycon?mode=SHOW_MENU&amp;item_id=$INFO[ListItem.Property(id)])</onclick>
							</item>
						</content>
					</control>
					<!-- genre -->
					<control type="group">
						<top>259</top>
						<include>MetaGenre</include>
					</control>
					<!-- plot -->
					<control type="textbox">
						<top>296</top>
						<width>100%</width>
						<height max="65">auto</height>
						<align>justify</align>
						<aligny>top</aligny>
						<label>$VAR[SetViewPlot]</label>
						<font>Light24</font>
						<autoscroll>false</autoscroll>
					</control>
					<!-- video meta-->
					<control type="group">
						<top>390</top>
						<height>40</height>
						<include>MetaMediaInfo</include>
					</control>
				</control>
				<!-- meta -->
				<control type="grouplist">
					<visible>false</visible>
					<left>524</left>
					<orientation>vertical</orientation>
					<height>500</height>
					<align>top</align>
					<itemgap>0</itemgap>
					<right>70</right>
					<control type="label">
						<width>886</width>
						<height>50</height>
						<label>$INFO[ListItem.TvShowTitle]</label>
						<font>Reg37</font>
						<aligny>top</aligny>
					</control>
					<control type="label">
						<width>886</width>
						<height>60</height>
						<label>$VAR[ListItemSeasonEpisode]$INFO[ListItem.Title]</label>
						<font>Reg37</font>
						<aligny>top</aligny>
					</control>
					<!-- meta -->
					<include content="MetaEpisodeInfos">
						<param name="width" value="886"/>
					</include>
					<!-- buttons -->
					<control type="grouplist" id="100">
						<height>70</height>
						<orientation>horizontal</orientation>
						<itemgap>5</itemgap>
						<onright>noop</onright>
						<onleft>noop</onleft>
						<control type="button" id="101">
							<visible>!Control.IsVisible(8) + !Control.IsVisible(104)</visible>
							<include>LightGreyButton</include>
							<label>$LOCALIZE[15067]</label>
							<ondown>200</ondown>
							<onclick>close</onclick>
						</control>
						<control type="button" id="8">
							<include>LightGreyButton</include>
							<label>$VAR[VideoInfoButton8]</label>
							<ondown>200</ondown>
							<visible>!Control.IsVisible(104)</visible>
						</control>
						<control type="button" id="104">
							<include>LightGreyButton</include>
							<onclick>close</onclick>
							<onclick>RunScript(script.embuary.helper,action=playcinema,dbid=$INFO[ListItem.DBID],type=$INFO[ListItem.DBType],title='$ESCINFO[ListItem.Label]')</onclick>
							<label>$VAR[VideoInfoButton8]</label>
							<ondown>200</ondown>
							<visible>$EXP[ForceCinemaMode] + !String.IsEmpty(ListItem.DBID) + !String.IsEqual(Skin.String(CinemaModeFor),movies) + !Integer.IsGreater(ListItem.PercentPlayed,0)</visible>
						</control>
						<control type="button" id="102">
							<include>LightGreyButton</include>
							<label>$LOCALIZE[31011]</label>
							<ondown>200</ondown>
							<onclick condition="!String.StartsWith(ListItem.Path,plugin://plugin.video.embycon) + String.IsEqual(Container.Foldername,ListItem.TVShowTitle)">close</onclick>
							<onclick condition="!String.StartsWith(ListItem.Path,plugin://plugin.video.embycon) + !String.IsEqual(Container.Foldername,ListItem.TVShowTitle)">RunScript(script.embuary.helper,action=jumptoshow_by_episode,dbid=$INFO[ListItem.DBID])</onclick>
							<onclick condition="String.StartsWith(ListItem.Path,plugin://plugin.video.embycon)">RunScript(script.embuary.helper,action=goto,path='"plugin://plugin.video.embycon/?media_type=Series&amp;mode=GET_CONTENT&amp;url=%7bserver%7d%2femby%2fShows%2f$INFO[ListItem.Property(series_id)]%2fSeasons%3fuserId%3d%7buserid%7d%26Fields%3d%7bfield_filters%7d%26format%3djson"',target=videos)</onclick>
							<visible>!String.IsEmpty(ListItem.DBID) | !String.IsEmpty(ListItem.Property(series_id))</visible>
						</control>
						<control type="button" id="11">
							<visible>!String.IsEmpty(ListItem.Trailer)</visible>
							<include>LightGreyButton</include>
							<label>$LOCALIZE[20410]</label>
							<ondown>200</ondown>
						</control>
						<control type="button" id="97">
							<visible>!String.IsEmpty(ListItem.Plot)</visible>
							<include>LightGreyButtonRound</include>
							<font>Material24</font>
							<label>&#xf9a9;</label>
							<onclick>RunScript(script.embuary.helper,action=textviewer,header='$ESCINFO[ListItem.TVShowTitle]',message='$ESCVAR[TinyInfoDialogPlot]')</onclick>
							<ondown>200</ondown>
						</control>
						<control type="button" id="103">
							<visible>$EXP[HasEmbyContext] | $EXP[HasLibraryEditButton] | $EXP[HasEmbyConContext]</visible>
							<include>LightGreyButtonRound</include>
							<font>Material24</font>
							<label>&#xf1d8;</label>
							<ondown>200</ondown>
							<onclick condition="!$EXP[HasEmbyContext] + $EXP[HasLibraryEditButton]">SetFocus(4000)</onclick>
							<onclick condition="$EXP[HasEmbyContext]">RunScript(special://home/addons/plugin.video.emby/context.py)</onclick>
							<onclick condition="$EXP[HasEmbyConContext]">RunPlugin(plugin://plugin.video.embycon?mode=SHOW_MENU&amp;item_id=$INFO[ListItem.Property(id)])</onclick>
						</control>
					</control>
					<control type="textbox">
						<width>100%</width>
						<height max="135">auto</height>
						<align>justify</align>
						<aligny>top</aligny>
						<label>$INFO[ListItem.Plot]</label>
						<font>Light24</font>
						<autoscroll>false</autoscroll>
					</control>
					<control type="label">
						<height>15</height>
					</control>
					<!-- flags -->
					<include>MetaFlags</include>
				</control>
				<!-- logo -->
				<include>MetaClearlogo</include>
			</control>
			<!-- More from seasons %i -->
			<include content="WideWidget">
				<param name="visible" value="String.IsEmpty(Container.Pluginname) + !String.IsEmpty(ListItem.DBID) + [!String.IsEmpty(ListItem.Season) | String.StartsWith(ListItem.Episode,S) | ListItem.Property(IsSpecial)]"/>
				<param name="id" value="200"/>
				<param name="onup" value="100"/>
				<param name="ondown" value="201"/>
				<param name="headline" value="$VAR[InfoDialog_Season_Content_Headline]"/>
				<param name="sublabel" value="$VAR[DurationMinutes]"/>
				<param name="use_custom_onclick" value="true"/>
				<param name="onclick" value="RunScript(script.embuary.helper,action=playitem,item='$ESCINFO[ListItem.Filenameandpath]')"/>
				<param name="sortby" value="episode"/>
				<param name="sortorder" value="ascending"/>
				<param name="icon" value="$VAR[IconEpisodeThumb]"/>
				<param name="content" value="plugin://script.embuary.helper/?info=getseasonepisodes&amp;dbid=$INFO[ListItem.DBID]&amp;idtype=episode&amp;season=$INFO[ListItem.Season]&amp;reload=$INFO[Window(home).Property(EmbuaryWidgetUpdate)]"/>
			</include>
			<!-- Seasons -->
			<include content="PosterWidget">
				<param name="visible" value="!String.StartsWith(ListItem.Path,plugin://plugin.video.embycon)"/>
				<param name="id" value="201"/>
				<param name="onup" value="200"/>
				<param name="ondown" value="202"/>
				<param name="headline" value="$LOCALIZE[31322]"/>
				<param name="sublabel" value=""/>
				<param name="height" value="551"/>
				<param name="sortby" value="season"/>
				<param name="content" value="$VAR[InfoDialog_Season_Content]"/>
			</include>
			<!-- Cast -->
			<include content="CastWidget">
				<param name="visible" value="!String.IsEmpty(ListItem.Cast)"/>
				<param name="id" value="202"/>
				<param name="onup" value="201"/>
				<param name="ondown" value="400"/>
				<param name="content" value="$VAR[View_Cast_Content]"/>
				<param name="use_custom_onclick" value="true"/>
			</include>
			<!-- Media Info -->
			<include content="InfoDialogMediaInfo">
				<param name="id" value="400"/>
				<param name="onup" value="202"/>
				<param name="ondown" value="noop"/>
			</include>
		</control>
		<!-- header bar -->
		<include content="HeaderBar">
			<param name="id">500</param>
		</include>
		<!-- side panel -->
		<include content="SidePanel">
			<param name="onright">500</param>
		</include>
	</include>
	<!-- tiny -->
	<include name="TinyInfoLayout">
		<control type="group">
			<control type="image">
				<include>Visible_Fade</include>
				<include>FullscreenDimensions</include>
				<texture colordiffuse="background_diffuse">common/white.jpg</texture>
			</control>
			<control type="scrollbar" id="3000">
				<include>HiddenObject</include>
			</control>
			<control type="grouplist">
				<include>Dialog_PopupOpenClose</include>
				<centerleft>50%</centerleft>
				<centertop>50%</centertop>
				<width>800</width>
				<height max="940">auto</height>
				<orientation>vertical</orientation>
				<itemgap>20</itemgap>
				<align>center</align>
				<!-- headline -->
				<control type="label">
					<centerleft>50%</centerleft>
					<width>100%</width>
					<height>26</height>
					<font>Med28</font>
					<scroll>false</scroll>
					<align>center</align>
					<aligny>top</aligny>
					<label>$VAR[TinyInfoDialogHeadline]</label>
				</control>
				<!-- message -->
				<control id="1010" type="textbox">
					<centerleft>50%</centerleft>
					<width>100%</width>
					<height max="760">auto</height>
					<font>PopUpText</font>
					<autoscroll>false</autoscroll>
					<align>center</align>
					<aligny>top</aligny>
					<pagecontrol>3000</pagecontrol>
					<label>$VAR[TinyInfoDialogPlot]</label>
				</control>
				<!-- Button -->
				<control type="grouplist" id="100">
					<height>50</height>
					<width>100%</width>
					<orientation>horizontal</orientation>
					<itemgap>5</itemgap>
					<align>center</align>
					<onright>noop</onright>
					<onleft>noop</onleft>
					<control type="button" id="102">
						<include>DarkGreyButton</include>
						<label>$VAR[VideoInfoButton8]</label>
						<onup>PageUp(3000)</onup>
						<ondown>PageDown(3000)</ondown>
						<onclick>SendClick(8)</onclick>
						<visible>Control.IsVisible(8)</visible>
						<visible>!String.IsEqual(ListItem.DBType,season)</visible>
					</control>
					<control type="button" id="101">
						<include>DarkGreyButton</include>
						<label>$LOCALIZE[15067]</label>
						<onclick>close</onclick>
						<onup>PageUp(3000)</onup>
						<ondown>PageDown(3000)</ondown>
					</control>
				</control>
			</control>
		</control>
	</include>
	<!-- MediaInfo -->
	<include name="InfoDialogMediaInfo">
		<control type="group">
			<height>350</height>
			<control type="button" id="$PARAM[id]">
				<include>NoTextures</include>
				<top>25</top>
				<left>45</left>
				<right>70</right>
				<width>1000</width>
				<height>87</height>
				<font>Med23</font>
				<align>left</align>
				<aligny>center</aligny>
				<focusedcolor>$VAR[AccentColor]</focusedcolor>
				<label>$LOCALIZE[544]</label>
				<onclick>noop</onclick>
				<onup>$PARAM[onup]</onup>
				<ondown>$PARAM[ondown]</ondown>
				<onback>$PARAM[onback]</onback>
				<onleft>noop</onleft>
			</control>
			<control type="grouplist">
				<left>70</left>
				<right>70</right>
				<top>94</top>
				<itemgap>5</itemgap>
				<orientation>vertical</orientation>
				<usecontrolcoords>true</usecontrolcoords>
				<control type="label">
					<height>30</height>
					<wrapmultiline>false</wrapmultiline>
					<font>Reg20</font>
					<aligny>bottom</aligny>
					<label>[B]$LOCALIZE[21800]:[/B]    $INFO[ListItem.FileName]</label>
					<visible>!String.IsEmpty(ListItem.FileName)</visible>
				</control>
				<control type="label">
					<height>30</height>
					<wrapmultiline>false</wrapmultiline>
					<font>Reg20</font>
					<aligny>bottom</aligny>
					<label>[B]$LOCALIZE[573]:[/B]    $INFO[ListItem.Path]</label>
					<visible>!String.IsEmpty(ListItem.Path)</visible>
				</control>
				<control type="label">
					<height>30</height>
					<wrapmultiline>false</wrapmultiline>
					<font>Reg20</font>
					<aligny>bottom</aligny>
					<label>[B]$LOCALIZE[291]:[/B][UPPERCASE]    $VAR[ListItemResolution]$INFO[ListItem.VideoCodec, ,]$INFO[ListItem.VideoAspect, ,AR][/UPPERCASE]</label>
					<visible>!String.IsEmpty(ListItem.VideoResolution) + [String.IsEqual(ListItem.StereoscopicMode,mono) | String.IsEmpty(ListItem.StereoscopicMode)]</visible>
				</control>
				<control type="label">
					<height>30</height>
					<wrapmultiline>false</wrapmultiline>
					<font>Reg20</font>
					<aligny>bottom</aligny>
					<label>[B]$LOCALIZE[291]:[/B][UPPERCASE]    $VAR[ListItemResolution]$INFO[ListItem.VideoCodec, ,]$INFO[ListItem.VideoAspect, ,AR][/UPPERCASE]$INFO[ListItem.StereoscopicMode,  [UPPERCASE][B]$LOCALIZE[36501]:[/B][/UPPERCASE]  ]</label>
					<visible>!String.IsEmpty(ListItem.VideoResolution) + !String.IsEqual(ListItem.StereoscopicMode,mono)</visible>
				</control>
				<control type="label">
					<height>30</height>
					<wrapmultiline>false</wrapmultiline>
					<font>Reg20</font>
					<aligny>bottom</aligny>
					<label>[B]$LOCALIZE[292]:[/B][UPPERCASE]    $INFO[ListItem.Property(AudioLanguage.1),, ]$INFO[ListItem.Property(AudioChannels.1),,ch ]$INFO[ListItem.Property(AudioCodec.1),, ]$INFO[ListItem.Property(AudioLanguage.2),| , ]$INFO[ListItem.Property(AudioChannels.2),,ch ]$INFO[ListItem.Property(AudioCodec.2),, ]$INFO[ListItem.Property(AudioLanguage.3),| , ]$INFO[ListItem.Property(AudioChannels.3),,ch ]$INFO[ListItem.Property(AudioCodec.3),, ]$INFO[ListItem.Property(AudioLanguage.4),| , ]$INFO[ListItem.Property(AudioChannels.4),,ch ]$INFO[ListItem.Property(AudioCodec.4),, ]$INFO[ListItem.Property(AudioLanguage.5),| , ]$INFO[ListItem.Property(AudioChannels.5),,ch ]$INFO[ListItem.Property(AudioCodec.5),, ]$INFO[ListItem.Property(AudioLanguage.6),| , ]$INFO[ListItem.Property(AudioChannels.6),,ch ]$INFO[ListItem.Property(AudioCodec.6),, ]$INFO[ListItem.Property(AudioLanguage.7),| , ]$INFO[ListItem.Property(AudioChannels.7),,ch ]$INFO[ListItem.Property(AudioCodec.7),, ]$INFO[ListItem.Property(AudioLanguage.8),| , ]$INFO[ListItem.Property(AudioChannels.8),,ch ]$INFO[ListItem.Property(AudioCodec.8),, ]$INFO[ListItem.Property(AudioLanguage.9),| , ]$INFO[ListItem.Property(AudioChannels.9),,ch ]$INFO[ListItem.Property(AudioCodec.9),, ]$INFO[ListItem.Property(AudioLanguage.10),| , ]$INFO[ListItem.Property(AudioChannels.10),,ch ]$INFO[ListItem.Property(AudioCodec.10),, ][/UPPERCASE]</label>
					<visible>!String.IsEmpty(ListItem.Property(AudioLanguage.1))</visible>
				</control>
				<control type="label">
					<height>30</height>
					<wrapmultiline>false</wrapmultiline>
					<font>Reg20</font>
					<aligny>bottom</aligny>
					<label>[B]$LOCALIZE[459]:[/B][UPPERCASE]    $INFO[ListItem.Property(SubtitleLanguage.1),, ]$INFO[ListItem.Property(SubtitleLanguage.2),| , ]$INFO[ListItem.Property(SubtitleLanguage.3),| , ]$INFO[ListItem.Property(SubtitleLanguage.4),| , ]$INFO[ListItem.Property(SubtitleLanguage.5),| , ]$INFO[ListItem.Property(SubtitleLanguage.6),| , ]$INFO[ListItem.Property(SubtitleLanguage.7),| , ]$INFO[ListItem.Property(SubtitleLanguage.8),| , ]$INFO[ListItem.Property(SubtitleLanguage.9),| , ]$INFO[ListItem.Property(SubtitleLanguage.10),| , ][/UPPERCASE]</label>
					<visible>!String.IsEmpty(ListItem.Property(SubtitleLanguage.1))</visible>
				</control>
			</control>
		</control>
	</include>
	<!-- Artist -->
	<include name="ArtistInfoLayout">
		<!-- Background -->
		<include>Background</include>
		<!-- Dialog -->
		<control type="grouplist" id="500">
			<include>Window_OpenClose</include>
			<width>100%</width>
			<height>100%</height>
			<orientation>vertical</orientation>
			<usecontrolcoords>true</usecontrolcoords>
			<include>ScrollTime</include>
			<itemgap>-80</itemgap>
			<pagecontrol>17</pagecontrol>
			<!-- Meta -->
			<control type="group">
				<top>90</top>
				<width>100%</width>
				<height>580</height>
				<control type="group">
					<!-- Thumb image -->
					<include>MetaSquareThumb</include>
					<!-- meta -->
					<control type="group">
						<top>-5</top>
						<left>434</left>
						<right>70</right>
						<height>1020</height>
						<control type="label">
							<right>440</right>
							<height>60</height>
							<label>$INFO[ListItem.Label]</label>
							<font>Reg37</font>
							<aligny>top</aligny>
						</control>
						<!-- meta -->
						<control type="group">
							<top>60</top>
							<include>MetaArtistInfos</include>
						</control>
						<!-- buttons -->
						<control type="list" id="100">
							<top>88</top>
							<height>130</height>
							<width>100%</width>
							<orientation>horizontal</orientation>
							<defaultcontrol always="true">0</defaultcontrol>
							<onright>noop</onright>
							<onleft>noop</onleft>
							<ondown>200</ondown>
							<include>FocusBounce</include>
							<itemlayout height="130" width="146">
								<include content="IconMenu">
									<param name="id" value="100"/>
								</include>
							</itemlayout>
							<focusedlayout height="130" width="146">
								<include content="IconMenu">
									<param name="id" value="100"/>
									<param name="focused" value="true"/>
								</include>
							</focusedlayout>
							<content>
								<item>
									<label>$LOCALIZE[208]</label>
									<property name="icon">&#xf40a;</property>
									<onclick>close</onclick>
									<onclick>PlayMedia(musicdb://songs/?artistid=$INFO[ListItem.DBID],isdir)</onclick>
								</item>
								<item>
									<visible>!String.IsEmpty(ListItem.Property(Artist_Description))</visible>
									<label>$LOCALIZE[21821]</label>
									<property name="icon">&#xf9a9;</property>
									<onclick>RunScript(script.embuary.helper,action=textviewer,header='$ESCINFO[ListItem.Label]',message='$ESCINFO[ListItem.Property(Artist_Description)]')</onclick>
								</item>
								<item>
									<visible>$EXP[HasEmbyContext] | $EXP[HasLibraryEditButton] | $EXP[HasEmbyConContext]</visible>
									<label>$LOCALIZE[31366]</label>
									<property name="icon">&#xf1d8;</property>
									<onclick condition="!$EXP[HasEmbyContext] + $EXP[HasLibraryEditButton]">SetFocus(4000)</onclick>
									<onclick condition="$EXP[HasEmbyContext]">RunScript(special://home/addons/plugin.video.emby/context.py)</onclick>
									<onclick condition="$EXP[HasEmbyConContext]">RunPlugin(plugin://plugin.video.embycon?mode=SHOW_MENU&amp;item_id=$INFO[ListItem.Property(id)])</onclick>
								</item>
							</content>
						</control>
						<!-- genre -->
						<control type="group">
							<top>209</top>
							<include>MetaGenre</include>
						</control>
						<control type="textbox">
							<top>246</top>
							<width>100%</width>
							<height max="270">auto</height>
							<align>justify</align>
							<aligny>top</aligny>
							<label>$VAR[ArtistInfoPlot]</label>
							<font>Light24</font>
							<autoscroll>false</autoscroll>
						</control>
					</control>
				</control>
				<!-- logo -->
				<include>MetaClearlogo</include>
			</control>
			<!-- Albums -->
			<include content="SquareWidget">
				<param name="visible" value="Window.IsVisible(music)"/>
				<param name="id" value="200"/>
				<param name="onup" value="100"/>
				<param name="ondown" value="201"/>
				<param name="height" value="480"/>
				<param name="mainlabel" value="$INFO[ListItem.Label]"/>
				<param name="sublabel" value="$INFO[ListItem.Label2]"/>
				<param name="headline" value="$LOCALIZE[20396]"/>
				<param name="use_custom_onclick" value="true"/>
				<param name="onclick" value="close"/>
				<param name="onclick2" value="Container.Update($INFO[ListItem.FolderPath])"/>
				<param name="widget_target" value="music"/>
				<param name="content" value="musicdb://artists/$INFO[ListItem.DBID]/"/>
			</include>
			<include content="SquareWidget">
				<param name="visible" value="!Window.IsVisible(music)"/>
				<param name="id" value="201"/>
				<param name="onup" value="200"/>
				<param name="height" value="480"/>
				<param name="mainlabel" value="$INFO[ListItem.Label]"/>
				<param name="sublabel" value="$INFO[ListItem.Label2]"/>
				<param name="headline" value="$LOCALIZE[31227]"/>
				<param name="use_custom_onclick" value="true"/>
				<param name="onclick" value="PlayMedia($INFO[ListItem.FolderPath],isdir)"/>
				<param name="onclick2" value="close"/>
				<param name="onclick3" value="ActivateWindow(visualisation)"/>
				<param name="widget_target" value="music"/>
				<param name="content" value="musicdb://artists/$INFO[ListItem.DBID]/"/>
			</include>
		</control>
		<!-- header bar -->
		<include content="HeaderBar">
			<param name="id">500</param>
		</include>
		<!-- side panel -->
		<include content="SidePanel">
			<param name="onright">500</param>
		</include>
	</include>
</includes>
