<?xml version="1.0" encoding="UTF-8"?>
<window>
	<defaultcontrol always="true">50</defaultcontrol>
	<backgroundcolor>background</backgroundcolor>
	<views>50,51,52,53,54,59,55,56,58</views>
	<menucontrol>6666</menucontrol>
	<onleft>SetFocus(4000)</onleft>
	<include content="PropertyIncludes">
		<param name="ShowHeader" value="true"/>
	</include>
	<onunload>AlarmClock(SkipFocusReset,ClearProperty(SkipFocusReset,home),00:01,silent)</onunload>
	<controls>
		<!-- hidden -->
		<control type="button" id="2">
			<include>HiddenObject</include>
		</control>
		<control type="list" id="2000">
			<include>HiddenObject</include>
			<content limit="1">$VAR[ListItemFullInfo]</content>
		</control>
		<control type="list" id="2001">
			<include>HiddenObject</include>
			<content sortby="year">$INFO[ListItem.FolderPath]</content>
			<visible>String.IsEqual(ListItem.DBtype,set)</visible>
		</control>
		<control type="list" id="2002">
			<visible>Control.IsVisible(54) + Container.Content(seasons)</visible>
			<include>HiddenObject</include>
			<content limit="1">$VAR[View54_NextUp_Content]</content>
		</control>
		<!-- background -->
		<include>Background</include>
		<!-- views -->
		<control type="group" id="70">
			<include>Window_OpenClose</include>
			<include>JumpToLetterVertical</include>
			<include>Wide_View_50</include>
			<include>Poster_View_51</include>
			<include>Square_View_52</include>
			<include>List_View_53</include>
			<include>Season_View_54</include>
			<include>BigList_View_59</include>
			<include>Episode_View_55</include>
			<include>Set_View_56</include>
			<include>Banner_View_58</include>
		</control>
		<!-- scrollbar -->
		<include>Scrollbar</include>
		<!-- Menu control -->
		<control type="group">
			<include>FullscreenDimensions</include>
			<include content="DiffuseMask">
				<param name="visible">ControlGroup(4000).HasFocus + !Window.IsVisible(selectdialog)</param>
			</include>
			<control type="group">
				<visible>ControlGroup(4000).HasFocus + !Window.IsVisible(selectdialog)</visible>
				<include>Visible_PopupOpenClose</include>
				<centerleft>50%</centerleft>
				<width>500</width>
				<centertop>50%</centertop>
				<height>982</height>
				<control type="grouplist" id="4000">
					<orientation>vertical</orientation>
					<height>auto</height>
					<align>center</align>
					<itemgap>0</itemgap>
					<onright>50</onright>
					<onleft>50</onleft>
					<onback>50</onback>
					<usecontrolcoords>true</usecontrolcoords>
					<control type="image" id="4001">
						<width>100%</width>
						<height>61</height>
						<texture border="65,0,65,0" colordiffuse="context_color">dialogs/context/top.png</texture>
					</control>
					<control type="group" id="3100">
						<width>100%</width>
						<height>50</height>
						<control type="image">
							<width>100%</width>
							<height>50</height>
							<texture border="65,10,65,10" colordiffuse="context_color">dialogs/context/middle.png</texture>
						</control>
						<control type="label">
							<width>100%</width>
							<height>50</height>
							<align>left</align>
							<aligny>center</aligny>
							<textoffsetx>80</textoffsetx>
							<font>Med22</font>
							<textcolor>disabled</textcolor>
							<shadowcolor>text_shadow</shadowcolor>
							<scroll>true</scroll>
							<label>Tipo de Vista</label>
						</control>
					</control>
					<include>AvailableViews</include>
					<control type="button" id="1194">
						<!-- Bloquear Vista -->
						<include content="ContextButton"/>
						<label>$VAR[Items_LockUnlock_Label,,]</label>
						<include>Items_LockUnlock</include>
						<onclick condition="[Container.Content() + String.IsEmpty(Skin.String(Skin.ForcedView.))]">AlarmClock(setviewlock,Skin.SetString(Skin.ForcedView.$INFO[Container.Content],$INFO[Container.Viewmode]),00:01,silent)</onclick>
						<onclick condition="[Container.Content(tags) + String.IsEmpty(Skin.String(Skin.ForcedView.tags))]">AlarmClock(setviewlock,Skin.SetString(Skin.ForcedView.$INFO[Container.Content],$INFO[Container.Viewmode]),00:01,silent)</onclick>
						<onclick condition="[Container.Content(years) + String.IsEmpty(Skin.String(Skin.ForcedView.years))]">AlarmClock(setviewlock,Skin.SetString(Skin.ForcedView.$INFO[Container.Content],$INFO[Container.Viewmode]),00:01,silent)</onclick>
						<onclick condition="[Container.Content(genres) + String.IsEmpty(Skin.String(Skin.ForcedView.genres))]">AlarmClock(setviewlock,Skin.SetString(Skin.ForcedView.$INFO[Container.Content],$INFO[Container.Viewmode]),00:01,silent)</onclick>
						<onclick condition="[Container.Content(countries) + String.IsEmpty(Skin.String(Skin.ForcedView.countries))]">AlarmClock(setviewlock,Skin.SetString(Skin.ForcedView.$INFO[Container.Content],$INFO[Container.Viewmode]),00:01,silent)</onclick>
						<onclick condition="[Container.Content(studios) + String.IsEmpty(Skin.String(Skin.ForcedView.studios))]">AlarmClock(setviewlock,Skin.SetString(Skin.ForcedView.$INFO[Container.Content],$INFO[Container.Viewmode]),00:01,silent)</onclick>
						<onclick condition="[Container.Content(playlists) + String.IsEmpty(Skin.String(Skin.ForcedView.playlists))]">AlarmClock(setviewlock,Skin.SetString(Skin.ForcedView.$INFO[Container.Content],$INFO[Container.Viewmode]),00:01,silent)</onclick>
						<onclick condition="[Container.Content(movies) + String.IsEmpty(Skin.String(Skin.ForcedView.movies))]">AlarmClock(setviewlock,Skin.SetString(Skin.ForcedView.$INFO[Container.Content],$INFO[Container.Viewmode]),00:01,silent)</onclick>
						<onclick condition="[Container.Content(sets) + String.IsEmpty(Skin.String(Skin.ForcedView.sets))]">AlarmClock(setviewlock,Skin.SetString(Skin.ForcedView.$INFO[Container.Content],$INFO[Container.Viewmode]),00:01,silent)</onclick>
						<onclick condition="[Container.Content(tvshows) + String.IsEmpty(Skin.String(Skin.ForcedView.tvshows))]">AlarmClock(setviewlock,Skin.SetString(Skin.ForcedView.$INFO[Container.Content],$INFO[Container.Viewmode]),00:01,silent)</onclick>
						<onclick condition="[Container.Content(seasons) + String.IsEmpty(Skin.String(Skin.ForcedView.seasons))]">AlarmClock(setviewlock,Skin.SetString(Skin.ForcedView.$INFO[Container.Content],$INFO[Container.Viewmode]),00:01,silent)</onclick>
						<onclick condition="[Container.Content(episodes) + String.IsEmpty(Skin.String(Skin.ForcedView.episodes))]">AlarmClock(setviewlock,Skin.SetString(Skin.ForcedView.$INFO[Container.Content],$INFO[Container.Viewmode]),00:01,silent)</onclick>
						<onclick condition="[Container.Content(artists) + String.IsEmpty(Skin.String(Skin.ForcedView.artists))]">AlarmClock(setviewlock,Skin.SetString(Skin.ForcedView.$INFO[Container.Content],$INFO[Container.Viewmode]),00:01,silent)</onclick>
						<onclick condition="[Container.Content(albums) + String.IsEmpty(Skin.String(Skin.ForcedView.albums))]">AlarmClock(setviewlock,Skin.SetString(Skin.ForcedView.$INFO[Container.Content],$INFO[Container.Viewmode]),00:01,silent)</onclick>
						<onclick condition="[Container.Content(songs) + String.IsEmpty(Skin.String(Skin.ForcedView.songs))]">AlarmClock(setviewlock,Skin.SetString(Skin.ForcedView.$INFO[Container.Content],$INFO[Container.Viewmode]),00:01,silent)</onclick>
						<onclick condition="[Container.Content(musicvideos) + String.IsEmpty(Skin.String(Skin.ForcedView.musicvideos))]">AlarmClock(setviewlock,Skin.SetString(Skin.ForcedView.$INFO[Container.Content],$INFO[Container.Viewmode]),00:01,silent)</onclick>
						<onclick condition="[Container.Content(addons) + String.IsEmpty(Skin.String(Skin.ForcedView.addons))]">AlarmClock(setviewlock,Skin.SetString(Skin.ForcedView.$INFO[Container.Content],$INFO[Container.Viewmode]),00:01,silent)</onclick>
						<onclick condition="[Container.Content(actors) + String.IsEmpty(Skin.String(Skin.ForcedView.actors))]">AlarmClock(setviewlock,Skin.SetString(Skin.ForcedView.$INFO[Container.Content],$INFO[Container.Viewmode]),00:01,silent)</onclick>
						<onclick condition="[Container.Content(directors) + String.IsEmpty(Skin.String(Skin.ForcedView.directors))]">AlarmClock(setviewlock,Skin.SetString(Skin.ForcedView.$INFO[Container.Content],$INFO[Container.Viewmode]),00:01,silent)</onclick>
						<onclick condition="[Container.Content(files) + String.IsEmpty(Skin.String(Skin.ForcedView.files))]">AlarmClock(setviewlock,Skin.SetString(Skin.ForcedView.$INFO[Container.Content],$INFO[Container.Viewmode]),00:01,silent)</onclick>
						<onclick condition="[Container.Content(mixed) + String.IsEmpty(Skin.String(Skin.ForcedView.mixed))]">AlarmClock(setviewlock,Skin.SetString(Skin.ForcedView.$INFO[Container.Content],$INFO[Container.Viewmode]),00:01,silent)</onclick>
						<onclick condition="[Container.Content(images) + String.IsEmpty(Skin.String(Skin.ForcedView.images))]">AlarmClock(setviewlock,Skin.SetString(Skin.ForcedView.$INFO[Container.Content],$INFO[Container.Viewmode]),00:01,silent)</onclick>
						<onclick condition="[Container.Content(games) + String.IsEmpty(Skin.String(Skin.ForcedView.games))]">AlarmClock(setviewlock,Skin.SetString(Skin.ForcedView.$INFO[Container.Content],$INFO[Container.Viewmode]),00:01,silent)</onclick>
						<onclick condition="[Container.Content(unknown) + String.IsEmpty(Skin.String(Skin.ForcedView.unknown))]">AlarmClock(setviewlock,Skin.SetString(Skin.ForcedView.$INFO[Container.Content],$INFO[Container.Viewmode]),00:01,silent)</onclick>
						<onclick condition="[Container.Content(videos) + String.IsEmpty(Skin.String(Skin.ForcedView.videos))]">AlarmClock(setviewlock,Skin.SetString(Skin.ForcedView.$INFO[Container.Content],$INFO[Container.Viewmode]),00:01,silent)</onclick>
						<visible>Window.IsVisible(MyVideoNav.xml) | Window.IsVisible(MyMusicNav.xml) | Window.IsVisible(AddonBrowser.xml) | Window.IsVisible(MyPics.xml) | Window.IsVisible(MyPrograms.xml)</visible>
						<visible>!Skin.HasSetting(global.kioskmode)</visible>
					</control>				
					<control type="group" id="3200">
						<width>100%</width>
						<height>50</height>
						<control type="image">
							<width>100%</width>
							<height>50</height>
							<texture border="65,10,65,10" colordiffuse="context_color">dialogs/context/middle.png</texture>
						</control>
						<control type="label">
							<width>100%</width>
							<height>50</height>
							<align>left</align>
							<aligny>center</aligny>
							<textoffsetx>80</textoffsetx>
							<font>Med22</font>
							<textcolor>disabled</textcolor>
							<shadowcolor>text_shadow</shadowcolor>
							<scroll>true</scroll>
							<label>Orden</label>
						</control>
					</control>
					<control type="button" id="10">
						<include content="ContextButton"/>
					</control>
					<control type="togglebutton" id="4">
						<include content="ContextButton"/>
						<label>$LOCALIZE[580]: $LOCALIZE[584]</label>
						<altlabel>$LOCALIZE[580]: $LOCALIZE[585]</altlabel>
					</control>
					<control type="button" id="3">
						<include content="ContextButton"/>
						<visible>Control.IsEnabled(3)</visible>
					</control>
					<control type="button" id="19">
						<include content="ContextButton"/>
						<label>$LOCALIZE[31008]</label>
					</control>
					<control type="group" id="3300">
						<width>100%</width>
						<height>50</height>
						<control type="image">
							<width>100%</width>
							<height>50</height>
							<texture border="65,10,65,10" colordiffuse="context_color">dialogs/context/middle.png</texture>
						</control>
						<control type="label">
							<width>100%</width>
							<height>50</height>
							<align>left</align>
							<aligny>center</aligny>
							<textoffsetx>80</textoffsetx>
							<font>Med22</font>
							<textcolor>disabled</textcolor>
							<shadowcolor>text_shadow</shadowcolor>
							<scroll>true</scroll>
							<label>Addon</label>
						</control>
					</control>
					<control type="button" id="210">
						<include content="ContextButton"/>
						<label>Ajustes del Addon</label>
						<onclick>Addon.OpenSettings($INFO[Container.PluginName])</onclick>
					</control>
					<control type="image" id="4005">
						<width>100%</width>
						<height>61</height>
						<texture border="65,0,65,0" colordiffuse="context_color">dialogs/context/bottom.png</texture>
					</control>
				</control>
			</control>
		</control>
		<!-- View select -->
		<include>ViewSelector</include>
		<!-- header bar -->
		<include content="HeaderBar">
			<param name="id">70</param>
			<param name="auto_hide">false</param>
			<param name="hide_header">$EXP[HideHeaderBasedOnContainer]</param>
		</include>
		<!-- side panel -->
		<include content="SidePanel">
			<param name="onright">70</param>
		</include>
	</controls>
</window>
