<?xml version="1.0" encoding="utf-8"?>
<window>
	<coordinates>
		<left>10</left>
		<top>0</top>
	</coordinates>
	<controls>
		<control type="group">
			<visible>![Window.IsVisible(startup) | Window.IsVisible(notification) | Window.IsVisible(busydialog) | Window.IsVisible(sliderdialog) | Window.IsVisible(volumebar) | Window.IsVisible(seekbar) | Window.IsVisible(fullscreenvideo) | Window.IsVisible(selectdialog)]</visible>
			<control type="label" id="30">
				<!-- Dialog heading -->
				<centerleft>50%</centerleft>
				<top>5</top>
				<width>596</width>
				<height>30</height>
				<font>ctouch18</font>
				<align>center</align>
			</control>
			<control type="image">
				<centerleft>50%</centerleft>
				<top>40</top>
				<width>590</width>
				<height>6</height>
				<texture>separator.png</texture>
			</control>
			<control type="label" id="31">
				<!-- Dialog line 1 -->
				<centerleft>50%</centerleft>
				<top>50</top>
				<width>596</width>
				<height>30</height>
				<haspath>yes</haspath>
				<font>ctouch16</font>
				<align>center</align>
			</control>
			<control type="progress" id="32">
				<centerleft>50%</centerleft>
				<top>80</top>
				<width>596</width>
				<height>18</height>
			</control>
		</control>
	</controls>
</window>