{
  "active": false,
  "find_videos": {
  	"ignore_urls": [],
    "patterns": [
      {
        "pattern": "((?:ubiqfile|k2s|streamcloud|verystream|rapidvideo|streamango|openload|katfile|nitroflare|filerio|mexa|rockfile).(?:eu|net|to|com|in|sh|co|cc)/[^\\s]+)",
        "url": "https://\\1"
      }
    ]
  },
  "free": true,
  "id": "unsupported",
  "name": "unsupported",
  "settings": [
    {
      "default": false,
      "enabled": true,
      "id": "black_list",
      "label": "@60654",
      "type": "bool",
      "visible": false
    },
    {
      "default": 0,
      "enabled": false,
      "id": "favorites_servers_list",
      "label": "@60655",
      "lvalues": [
        "No",
        "1",
        "2",
        "3",
        "4",
        "5"
      ],
      "type": "list",
      "visible": false
    }
  ],
  "thumbnail": ""
}
