{
  "id": "tupelihd",
  "name": "TuPeliHD",
  "active": false,
  "adult": false,
  "language": ["cast", "lat"],
  "thumbnail":"https://www.tupelihd.com/wp-content/uploads/2018/06/logotupelihdV5.png",
  "banner": "",
  "fanart": "",
  "categories": [
    "movie",
    "tvshow",
    "vos"
  ],
  "version": 1,
  "settings": [
    {
      "id": "include_in_global_search",
      "type": "bool",
      "label": "Incluir en busqueda global",
      "default": false,
      "enabled": false,
      "visible": false
    },
    {
      "id": "include_in_newest_peliculas",
      "type": "bool",
      "label": "Incluir en Novedades - Peliculas",
      "default": true,
      "enabled": true,
      "visible": true
    },
    {
      "id": "include_in_newest_infantiles",
      "type": "bool",
      "label": "Incluir en Novedades - Infantiles",
      "default": true,
      "enabled": true,
      "visible": true
    },
    {
      "id": "include_in_newest_terror",
      "type": "bool",
      "label": "Incluir en Novedades - terror",
      "default": true,
      "enabled": true,
      "visible": true
    },
    {
      "id": "filter_languages",
      "type": "list",
      "label": "Mostrar enlaces en idioma...",
      "default": 0,
      "enabled": true,
      "visible": true,
      "lvalues": [
        "No filtrar",
        "Cast",
        "Lat",
        "VOSE"
      ]
    }
  ]
}
