{
  "active": true,
  "find_videos": {
    "ignore_urls": [],
    "patterns": [
      {
        "pattern": "(?:vanfem|ilovefembed|fembed|fembad|feurl|youtvgratis|myurlshort|videobb|femax20|cloudyport|mrdhan).\\w{2,4}/(?:f|v)/([A-z0-9_-]+)",
        "url": "https://vanfem.com/api/source/\\1"
      },
      {
        "pattern": "(?:animejl|animekao|sypl|xstreamcdn|hlshd|dutrag|diasfem).\\w{2,4}/(?:f|v)/([A-z0-9_-]+)",
        "url": "https://vanfem.com/api/source/\\1"
      },
      {
        "pattern": "(?:owodeuwu.xyz|embedsito.com|fcdn.stream|gotovideo.kiev.ua)/(?:f|v)/([A-z0-9_-]+)",
        "url": "https://vanfem.com/api/source/\\1"
      },
      {
        "pattern": "((?:serieskao|sololatino|fembed.hd|fplayer|suzihaza).\\w{2,4})/(?:f|v)/([A-z0-9_-]+)",
        "url": "https://\\1/api/source/\\2"
      }
    ]
  },
  "free": true,
  "id": "fembed",
  "name": "Fembed",
  "settings": [
    {
      "default": false,
      "enabled": true,
      "id": "black_list",
      "label": "@60654",
      "type": "bool",
      "visible": true
    },
    {
      "default": 0,
      "enabled": true,
      "id": "favorites_servers_list",
      "label": "@60655",
      "lvalues": [
        "No",
        "1",
        "2",
        "3",
        "4",
        "5"
      ],
      "type": "list",
      "visible": false
    }
  ],
  "thumbnail": "https://i.postimg.cc/j2NYkByx/fembed.png",
  "version": 1
}
