{
  "active": true,
  "find_videos": {
    "ignore_urls": [],
    "patterns": [
      {
        "pattern": "(https://(?:www.|)nonktube.com/video/[0-9]+/[A-z0-9-]+)",
        "url": "\\1"
      },
      {
        "pattern": "(https://(?:www.|en.|)(?:fuqer|luxuretv).com/video(?:s|)/[A-z0-9-]+.html)",
        "url": "\\1"
      },
      {
        "pattern": "(https://(?:www.|)justporn.com/video/[A-z0-9-]+)",
        "url": "\\1"
      },
      {
        "pattern": "(https://(?:www.|)porn300.com(?:/es|)/video/[A-z0-9-]+)",
        "url": "\\1"
      },
      {
        "pattern": "(https://(?:www.|)canalporno.com/ver/[A-z0-9-]+/)",
        "url": "\\1"
      },
      {
        "pattern": "(https://(?:www.|)(?:drpornofilme|pornobereich|pornodiamant).com/film(?:e|)/[A-z0-9-]+(?:/|))",
        "url": "\\1"
      },
      {
        "pattern": "(http://(?:www.|)incestflix.com/watch/[A-z0-9-]+)",
        "url": "\\1"
      },
     {
        "pattern": "(https://(?:www.|)errrotica.com/[a-z]/[A-z0-9-]+/[0-9]+/)",
        "url": "\\1"
      },
      {
        "pattern": "(https://(?:www.|)bustybus.com/video\\?play=[0-9]+)",
        "url": "\\1"
      }
    ]
  },
  "free": true,
  "id": "sourtype",
  "name": "sourtype",
  "settings": [
    {
      "default": false,
      "enabled": true,
      "id": "black_list",
      "label": "@60654",
      "type": "bool",
      "visible": true
    },
    {
      "default": 0,
      "enabled": true,
      "id": "favorites_servers_list",
      "label": "@60655",
      "lvalues": [
        "No",
        "1",
        "2",
        "3",
        "4",
        "5"
      ],
      "type": "list",
      "visible": false
    }
  ],
  "thumbnail": ""
}
