{
  "active": false,
  "find_videos": {
  	"ignore_urls": [],
    "patterns": [
      {
        "pattern": "((?:nitroflare|filerio|mexa|rockfile|katfile|k2s).(\\w{2,3})/[^\\s]+)",
        "url": "https://\\1"
      },
      {
        "pattern": "((?:megavideo|openload|oload|streamango|streamcloud|evoload|verystream|rapidvideo).(\\w{2,3})/[^\\s]+)",
        "url": "https://\\1"
      },
      {
        "pattern": "((?:fastplay|vidfast|onlystream|flix555|thevideo).(\\w{2,3})/[^\\s]+)",
        "url": "https://\\1"
      }
    ]
  },
  "free": true,
  "id": "unsupported",
  "name": "unsupported",
  "settings": [
    {
      "default": false,
      "enabled": true,
      "id": "black_list",
      "label": "@60654",
      "type": "bool",
      "visible": false
    },
    {
      "default": 0,
      "enabled": false,
      "id": "favorites_servers_list",
      "label": "@60655",
      "lvalues": [
        "No",
        "1",
        "2",
        "3",
        "4",
        "5"
      ],
      "type": "list",
      "visible": false
    }
  ],
  "thumbnail": ""
}