{
  "active": true,
  "find_videos": {
    "ignore_urls": [],
    "patterns": [
      {
        "pattern": "(https://(?:www.|)(?:0dayporn|severeporn|3movs|xtits|sleazyneasy|babestube|wankoz|vikiporn|katestube|pornomovies|lesbian8|pornsexer|pornmega|xxxymovies|pornhat|pornestro).com/video(?:s|)/[0-9]+/[A-z0-9-]+/)",
        "url": "\\1"
      },
      {
        "pattern": "(https://(?:www.|)(?:fetishshrine|javbangers|fapnado|xozilla|camwhoresbay|pornrewind|megatube|zbporn|momvids|wankoz|4kporn|freeporn8|porndictator|fapster|rat|pornwhite|pornicom)(?:.com|.xxx|)/(?:video|videos)/[0-9]+/[A-z0-9-]+(?:/|))",
        "url": "\\1"
      },
      {
        "pattern": "(https://(?:www.|)(?:tittykings|shooshtime|love4porn|submityourflicks|freehardcore|moviesand|interracial|feetporno|chubbyporn|cartoonporn|trannylime|gotgayporn|myporntape).com/videos/[0-9]+/[A-z0-9-]+/)",
        "url": "\\1"
      },
      {
        "pattern": "(https://(?:www.|)(?:vipporns|porngem|frprn).com/(?:video|videos|clips)/[A-z0-9-]+/)",
        "url": "\\1"
      },
      {
        "pattern": "(https://www.analdin.com/es/videos/[0-9]+/[A-z0-9-]+/)",
        "url": "\\1"
      },
      {
        "pattern": "(https://(?:www.|)(?:severeporn|anon-v|myporntape).com/embed/\\w+)",
        "url": "\\1"
      },
      {
        "pattern": "(http(?:s|)://www.(?:camwhores|camwhoreshd).(?:tv|com|org)/videos/[0-9]+/[A-z0-9-]+/)",
        "url": "\\1"
      },
      {
        "pattern": "(http(?:s|)://www.(?:camwhores|camwhoreshd|camvideos|cwtvembeds).(?:tv|com|org)/embed/[A-z0-9-]+)",
        "url": "\\1"
      },
      {
        "pattern": "((?:http|https)://www.datoporn.(?:co|com)/videos/([0-9]+)/[A-z0-9-]+/)",
        "url": "\\1"
      },
      {
        "pattern": "(https://www.(?:porn00|xmegadrive).(?:org|tv|com)/video(?:s|)/[A-z0-9-]+/)",
        "url": "\\1"
      },
      {
        "pattern": "(https://www.theyarehuge.com/v/[A-z0-9-.]+(?:/|))",
        "url": "\\1"
      },
      {
        "pattern": "(https://ok.xxx/video/[0-9]+/)",
        "url": "\\1"
      },
      {
        "pattern": "(https://www.cambro.tv/[0-9]+/[A-z0-9-]+/)",
        "url": "\\1"
      },
      {
        "pattern": "(https://www.fpo.xxx/videos/[0-9]+/[A-z0-9-.]+/)",
        "url": "\\1"
      },
      {
        "pattern": "(https://www.tabooporn.tv/videos/[0-9]+/[A-z0-9-]+/)",
        "url": "\\1"
      },
      {
        "pattern": "(https://max.porn/videos/[0-9]+/[A-z0-9-]+/)",
        "url": "\\1"
      },
      {
        "pattern": "(https://hello.porn/videos/[0-9]+/)",
        "url": "\\1"
      },
      {
        "pattern": "(https://www.pervclips.com/tube/videos/[A-z0-9-]+/)",
        "url": "\\1"
      },
      {
        "pattern": "(https://www.crockotube.com/watch/[A-z0-9-]+)",
        "url": "\\1"
      },
      {
        "pattern": "(?:http|https)://www.sexvid.xxx/([A-z0-9-]+.html)",
        "url": "https://www.sexvid.xxx/\\1"
      },
      {
        "pattern": "(https://www.teenpornvideo.sex/videos/[0-9]+/[A-z0-9-]+/)",
        "url": "\\1"
      },
      {
        "pattern": "(https://pornwild.to(?:/es|)/embed/\\w+)",
        "url": "\\1"
      },
      {
        "pattern": "(https://(?:www.|)(?:pornestro|love4porn).com/embed/[0-9]+)",
        "url": "\\1"
      },
      {
        "pattern": "(https://watch-my-gf.com/view(?:_|-)video.php\\?v\\=[0-9]+)",
        "url": "\\1"
      },
      {
        "pattern": "(https://onlineporno.cc/(?:video|embed/)[0-9]+)(?:/|)",
        "url": "\\1"
      },
      {
        "pattern": "(https://pornwild.to(?:/es|)/videos/[0-9]+/[A-z0-9-]+/)",
        "url": "\\1"
      }
      ]
  },
  "free": true,
  "id": "ktp",
  "name": "ktp",
  "settings": [
    {
      "default": false,
      "enabled": true,
      "id": "black_list",
      "label": "@60654",
      "type": "bool",
      "visible": true
    },
    {
      "default": 0,
      "enabled": true,
      "id": "favorites_servers_list",
      "label": "@60655",
      "lvalues": [
        "No",
        "1",
        "2",
        "3",
        "4",
        "5"
      ],
      "type": "list",
      "visible": false
    }
  ],
  "thumbnail": ""
}
