{
  "active": true,
  "find_videos": {
    "ignore_urls": [],
    "patterns": [
      {
        "pattern": "((?:http|https)://www.(?:nuvid|drtuber|iceporn|viptube|vivatube|tubeon|hd21|yeptube|winporn|proporn).com/embed/[0-9]+)",
        "url": "\\1"
      },
      {
        "pattern": "((?:http|https)://www.(?:nuvid|drtuber|iceporn|viptube|vivatube|tubeon|hd21|yeptube|winporn|proporn).com/(?:es/|[A-z]{2}/|)video/[0-9]+/[A-z0-9-]+)",
        "url": "\\1"
      },
      {
        "pattern": "((?:http|https)://www.pornlib.com/video/[A-z0-9-]+)",
        "url": "\\1"
      }
    ]
  },
  "free": true,
  "id": "nuvid",
  "name": "nuvid",
  "settings": [
    {
      "default": false,
      "enabled": true,
      "id": "black_list",
      "label": "@60654",
      "type": "bool",
      "visible": true
    },
    {
      "default": 0,
      "enabled": true,
      "id": "favorites_servers_list",
      "label": "@60655",
      "lvalues": [
        "No",
        "1",
        "2",
        "3",
        "4",
        "5"
      ],
      "type": "list",
      "visible": false
    }
  ],
  "thumbnail": ""
}
