{
  "active": false,
  "find_videos": {
    "ignore_urls": [],
    "patterns": [
      {
        "pattern": "/netu/tv/(embed_)(.*?$)",
        "url": "http://netu.tv/watch_video.php?v=\\2"
      },
      {
        "pattern": "https://waaws.tk/player/embed_player.php?vid=([A-z0-9]+)&autoplay=yes",
        "url": "http://netu.tv/watch_video.php?v=\\2"
      },
      {
        "pattern": "(?:hqq|waaw|netu|waaw1)(?:\\.tv\\/|\\.watch\\/|\\.php\\?).*?(?:v=|vid=)([A-z0-9]+)",
        "url": "http://netu.tv/watch_video.php?v=\\1"
      },
      {
        "pattern": "(?:hqq|waaw|netu|waaw1)(?:\\.tv\\/|\\.watch\\/|\\.php\\?).*hash=([A-z0-9]+)",
        "url": "http://hqq.tv/player/hash.php?hash=\\1"
      },
      {
        "pattern": "https://vidxhot.(?:com|net)/e/([A-z0-9]+)",
        "url": "http://hqq.tv/player/hash.php?hash=\\1"
      },
      {
        "pattern": "(?:hqq|waaw|netu|waaw1)(?:\\.tv\\/|\\.watch\\/|.to\\/|\\.php\\?)(e/|f/)([A-z0-9]+)",
        "url": "http://hqq.tv/player/hash.php?hash=\\1"
      },
      {
        "pattern": "(?:hqq|megaplay).(?:tv|cc)/player/embed_player.php\\?vid=([A-z0-9]+)",
        "url": "http://hqq.tv/player/hash.php?hash=\\1"
      }

    ]
  },
  "free": true,
  "id": {
    "value": [
      "netutv",
      "netu",
      "waaw",
      "hqq"
    ]
  },
  "name": "netutv",
  "settings": [
    {
      "default": false,
      "enabled": true,
      "id": "black_list",
      "label": "@60654",
      "type": "bool",
      "visible": true
    },
    {
      "default": 0,
      "enabled": true,
      "id": "favorites_servers_list",
      "label": "@60655",
      "lvalues": [
        "No",
        "1",
        "2",
        "3",
        "4",
        "5"
      ],
      "type": "list",
      "visible": false
    }
  ],
  "thumbnail": "server_netutv.png"
}
