{
  "active": true,
  "find_videos": {
    "ignore_urls": [],
    "patterns": [
      {
        "pattern": "streamsb.net/(?:embed-|d/|e/)([A-z0-9]+)",
        "url": "https://streamsb.net/embed-\\1.html"
      }
    ]
  },
  "free": true,
  "id": "streamsb",
  "name": "streamsb",
  "settings": [
    {
      "default": false,
      "enabled": true,
      "id": "black_list",
      "label": "@60654",
      "type": "bool",
      "visible": true
    },
    {
      "default": 0,
      "enabled": true,
      "id": "favorites_servers_list",
      "label": "@60655",
      "lvalues": [
        "No",
        "1",
        "2",
        "3",
        "4",
        "5"
      ],
      "type": "list",
      "visible": false
    }
  ],
  "thumbnail": "https://streamsb.com/xfilesharingtemplates_images/logo.png"
}