<?xml version='1.0' encoding='UTF-8'?>
<addon id="skin.ctouch"  version="3.1" name="Cristal Touch" provider-name="STVA">
	<requires>
		<import addon="resource.language.es_es" version="0.0.0"/>		
	</requires>
	<extension debugging="false" effectslowdown="1" point="xbmc.gui.skin">
		<res aspect="16:9" default="true" folder="xml" height="1080" width="1920" />
	</extension>
	<extension point="xbmc.addon.metadata">
		<summary lang="es_ES">Skin para Kodi y Forks. Compatible con Kodi Matrix y Nexus</summary>
		<summary lang="en_GB">Skin para Kodi y Forks. Compatible con Kodi Matrix y Nexus</summary>				
		<description lang="es_ES">Cristal Touch es un mod del skin AppTV realizado por STVA.[CR]Funciona perfectamente en dispositivos táctiles, pc/portátil, SmartTV o TV Box y raspberrys o similares[CR]Fácil personalización de los items del Inicio desde el menú contextual</description>
		<description lang="en_GB">Cristal Touch es un mod del skin AppTV realizado por STVA.[CR]Funciona perfectamente en dispositivos táctiles, pc/portátil, SmartTV o TV Box y raspberrys o similares[CR]Fácil personalización de los items del Inicio desde el menú contextual</description>		
		<disclaimer lang="en_GB">Para dudas, preguntas o sugerencias [CR]Telegram: t.me/stvabuild[CR]Web y Foro: stva.ga</disclaimer>
		<disclaimer lang="es_ES">Para dudas, preguntas o sugerencias [CR]Telegram: t.me/stvabuild[CR]Web y Foro: stva.ga</disclaimer>		
		<platform>all</platform>
		<license></license>
		<website />
		<email />
		<news>Versión 3.1 - 15/1/23
- Cambiado color del icono de carga en los addons
- Corregido Buscador Cristal Azul de la ventana de Buscadores
- Corregido error en ventana favoritos que no mostraba algunas imágenes
- Añadido Widget Series en Seguimiento de Palantir
- Reposicionada imagen de items de inicio desactivados en Ajustes de Skin
- Corregido error que al tener una reproducción de fondo mostraba el fondo difuminado del reproductor
- Cambiado icono de pantalla completa
- Añadido al reproductor icono de cantidad de canales de audio (2.0, 5.1, etc)
- Añadido al reproductor la información de proceso de video
- Añadido icono del Skin o el addon en el que estemos delante de la hora
- Cambiado en ajustes de skin las opciones de Tipo de Inicio e Items de inicio
- Actualizado icono del Item de Winner
- Añadido Apagar el Sistema al menú de apagado
- Modificado Primer Inicio tras las instalación del Skin
- Añadido mensaje de aviso de cuenta hdfull necesaria en el item Repeticiones deportivas
- Añadida ventana de ayuda del menú contextual para el primer inicio del Skin
- Añadida opción de Mostrar/Ocultas Botones Táctiles, incluye el menú Grande
- Añadido icono en el reproductor para ocultar los controles de manera táctil</news>
		<assets>
			<icon>icon.png</icon>
			<fanart>fanart.jpg</fanart>
			<screenshot>resources/screenshot001.jpg</screenshot>
			<screenshot>resources/screenshot002.jpg</screenshot>
			<screenshot>resources/screenshot003.jpg</screenshot>
			<screenshot>resources/screenshot004.jpg</screenshot>
			<screenshot>resources/screenshot005.jpg</screenshot>
		</assets>
	</extension>
</addon>