<?xml version='1.0' encoding='UTF-8'?>
<shortcuts>
	<shortcut>
		<defaultID>embuary_videos</defaultID>
		<label>$LOCALIZE[3]</label>
		<label2/>
		<icon>DefaultVideo.png</icon>
		<thumb/>
		<action>ActivateWindow(Videos,sources://video/,return)</action>
		<visible>!Library.HasContent(movies) + !Library.HasContent(tvshows) + !System.HasAddon(plugin.video.embycon)</visible>
	</shortcut>
	<shortcut>
		<defaultID>embuary_all_movies</defaultID>
		<label>$VAR[MovieHubHeadline]</label>
		<label2/>
		<thumb/>
		<icon>$VAR[MainMenuMovieHubIcon]</icon>
		<action>ActivateWindow(1120,return)</action>
		<visible>[Library.HasContent(movies)
		| [System.HasAddon(plugin.video.embycon) + [
		String.IsEqual(Window(home).Property(plugin.video.embycon-view_item.0.type),movies)
		| String.IsEqual(Window(home).Property(plugin.video.embycon-view_item.1.type),movies)
		| String.IsEqual(Window(home).Property(plugin.video.embycon-view_item.2.type),movies)
		| String.IsEqual(Window(home).Property(plugin.video.embycon-view_item.3.type),movies)
		| String.IsEqual(Window(home).Property(plugin.video.embycon-view_item.4.type),movies)
		| String.IsEqual(Window(home).Property(plugin.video.embycon-view_item.5.type),movies)
		| String.IsEqual(Window(home).Property(plugin.video.embycon-view_item.6.type),movies)
		| String.IsEqual(Window(home).Property(plugin.video.embycon-view_item.7.type),movies)
		| String.IsEqual(Window(home).Property(plugin.video.embycon-view_item.8.type),movies)
		| String.IsEqual(Window(home).Property(plugin.video.embycon-view_item.9.type),movies)
		| String.IsEqual(Window(home).Property(plugin.video.embycon-view_item.10.type),movies)
		| String.IsEqual(Window(home).Property(plugin.video.embycon-view_item.11.type),movies)
		| String.IsEqual(Window(home).Property(plugin.video.embycon-view_item.12.type),movies)
		| String.IsEqual(Window(home).Property(plugin.video.embycon-view_item.13.type),movies)
		| String.IsEqual(Window(home).Property(plugin.video.embycon-view_item.14.type),movies)
		| String.IsEqual(Window(home).Property(plugin.video.embycon-view_item.15.type),movies)
		| String.IsEqual(Window(home).Property(plugin.video.embycon-view_item.16.type),movies)
		| String.IsEqual(Window(home).Property(plugin.video.embycon-view_item.17.type),movies)
		| String.IsEqual(Window(home).Property(plugin.video.embycon-view_item.18.type),movies)
		| String.IsEqual(Window(home).Property(plugin.video.embycon-view_item.19.type),movies)
		| String.IsEqual(Window(home).Property(plugin.video.embycon-view_item.20.type),movies)
		| String.IsEqual(Window(home).Property(plugin.video.embycon-view_item.21.type),movies)
		| String.IsEqual(Window(home).Property(plugin.video.embycon-view_item.22.type),movies)
		| String.IsEqual(Window(home).Property(plugin.video.embycon-view_item.23.type),movies)
		| String.IsEqual(Window(home).Property(plugin.video.embycon-view_item.24.type),movies)
		| String.IsEqual(Window(home).Property(plugin.video.embycon-view_item.25.type),movies)
		| String.IsEqual(Window(home).Property(plugin.video.embycon-view_item.26.type),movies)
		| String.IsEqual(Window(home).Property(plugin.video.embycon-view_item.27.type),movies)
		| String.IsEqual(Window(home).Property(plugin.video.embycon-view_item.28.type),movies)
		| String.IsEqual(Window(home).Property(plugin.video.embycon-view_item.29.type),movies)
		]]]</visible>
	</shortcut>
	<shortcut>
		<defaultID>embuary_collections</defaultID>
		<label>31169</label>
		<label2/>
		<icon>DefaultVideo.png</icon>
		<thumb/>
		<action>ActivateWindow(videos,library://video/movies/sets.xml/,return)</action>
		<visible>Library.HasContent(MovieSets)</visible>
	</shortcut>
	<shortcut>
		<defaultID>embuary_all_shows</defaultID>
		<label>$VAR[TVShowHubHeadline]</label>
		<label2/>
		<icon>$VAR[MainMenuTVShowHubIcon]</icon>
		<thumb/>
		<action>ActivateWindow(1121,return)</action>
		<visible>[Library.HasContent(tvshows)
		| [System.HasAddon(plugin.video.embycon) + [
		String.IsEqual(Window(home).Property(plugin.video.embycon-view_item.0.type),tvshows)
		| String.IsEqual(Window(home).Property(plugin.video.embycon-view_item.1.type),tvshows)
		| String.IsEqual(Window(home).Property(plugin.video.embycon-view_item.2.type),tvshows)
		| String.IsEqual(Window(home).Property(plugin.video.embycon-view_item.3.type),tvshows)
		| String.IsEqual(Window(home).Property(plugin.video.embycon-view_item.4.type),tvshows)
		| String.IsEqual(Window(home).Property(plugin.video.embycon-view_item.5.type),tvshows)
		| String.IsEqual(Window(home).Property(plugin.video.embycon-view_item.6.type),tvshows)
		| String.IsEqual(Window(home).Property(plugin.video.embycon-view_item.7.type),tvshows)
		| String.IsEqual(Window(home).Property(plugin.video.embycon-view_item.8.type),tvshows)
		| String.IsEqual(Window(home).Property(plugin.video.embycon-view_item.9.type),tvshows)
		| String.IsEqual(Window(home).Property(plugin.video.embycon-view_item.10.type),tvshows)
		| String.IsEqual(Window(home).Property(plugin.video.embycon-view_item.11.type),tvshows)
		| String.IsEqual(Window(home).Property(plugin.video.embycon-view_item.12.type),tvshows)
		| String.IsEqual(Window(home).Property(plugin.video.embycon-view_item.13.type),tvshows)
		| String.IsEqual(Window(home).Property(plugin.video.embycon-view_item.14.type),tvshows)
		| String.IsEqual(Window(home).Property(plugin.video.embycon-view_item.15.type),tvshows)
		| String.IsEqual(Window(home).Property(plugin.video.embycon-view_item.16.type),tvshows)
		| String.IsEqual(Window(home).Property(plugin.video.embycon-view_item.17.type),tvshows)
		| String.IsEqual(Window(home).Property(plugin.video.embycon-view_item.18.type),tvshows)
		| String.IsEqual(Window(home).Property(plugin.video.embycon-view_item.19.type),tvshows)
		| String.IsEqual(Window(home).Property(plugin.video.embycon-view_item.20.type),tvshows)
		| String.IsEqual(Window(home).Property(plugin.video.embycon-view_item.21.type),tvshows)
		| String.IsEqual(Window(home).Property(plugin.video.embycon-view_item.22.type),tvshows)
		| String.IsEqual(Window(home).Property(plugin.video.embycon-view_item.23.type),tvshows)
		| String.IsEqual(Window(home).Property(plugin.video.embycon-view_item.24.type),tvshows)
		| String.IsEqual(Window(home).Property(plugin.video.embycon-view_item.25.type),tvshows)
		| String.IsEqual(Window(home).Property(plugin.video.embycon-view_item.26.type),tvshows)
		| String.IsEqual(Window(home).Property(plugin.video.embycon-view_item.27.type),tvshows)
		| String.IsEqual(Window(home).Property(plugin.video.embycon-view_item.28.type),tvshows)
		| String.IsEqual(Window(home).Property(plugin.video.embycon-view_item.29.type),tvshows)
		]]]</visible>
	</shortcut>

	<shortcut>
		<defaultID>embuary_tag0</defaultID>
		<label>$INFO[Window(home).Property(library.tags.0.title)]</label>
		<label2/>
		<icon>DefaultVideo.png</icon>
		<thumb/>
		<action>tag0</action>
		<visible>!String.IsEmpty(Window(home).Property(library.tags.0.title))</visible>
	</shortcut>
	<shortcut>
		<defaultID>embuary_tag1</defaultID>
		<label>$INFO[Window(home).Property(library.tags.1.title)]</label>
		<label2/>
		<icon>DefaultVideo.png</icon>
		<thumb/>
		<action>tag1</action>
		<visible>!String.IsEmpty(Window(home).Property(library.tags.1.title))</visible>
	</shortcut>
	<shortcut>
		<defaultID>embuary_tag2</defaultID>
		<label>$INFO[Window(home).Property(library.tags.2.title)]</label>
		<label2/>
		<icon>DefaultVideo.png</icon>
		<thumb/>
		<action>tag2</action>
		<visible>!String.IsEmpty(Window(home).Property(library.tags.2.title))</visible>
	</shortcut>
	<shortcut>
		<defaultID>embuary_tag3</defaultID>
		<label>$INFO[Window(home).Property(library.tags.3.title)]</label>
		<label2/>
		<icon>DefaultVideo.png</icon>
		<thumb/>
		<action>tag3</action>
		<visible>!String.IsEmpty(Window(home).Property(library.tags.3.title))</visible>
	</shortcut>
	<shortcut>
		<defaultID>embuary_tag4</defaultID>
		<label>$INFO[Window(home).Property(library.tags.4.title)]</label>
		<label2/>
		<icon>DefaultVideo.png</icon>
		<thumb/>
		<action>tag4</action>
		<visible>!String.IsEmpty(Window(home).Property(library.tags.4.title))</visible>
	</shortcut>
	<shortcut>
		<defaultID>embuary_tag5</defaultID>
		<label>$INFO[Window(home).Property(library.tags.5.title)]</label>
		<label2/>
		<icon>DefaultVideo.png</icon>
		<thumb/>
		<action>tag5</action>
		<visible>!String.IsEmpty(Window(home).Property(library.tags.5.title))</visible>
	</shortcut>
	<shortcut>
		<defaultID>embuary_tag6</defaultID>
		<label>$INFO[Window(home).Property(library.tags.6.title)]</label>
		<label2/>
		<icon>DefaultVideo.png</icon>
		<thumb/>
		<action>tag6</action>
		<visible>!String.IsEmpty(Window(home).Property(library.tags.6.title))</visible>
	</shortcut>
	<shortcut>
		<defaultID>embuary_tag7</defaultID>
		<label>$INFO[Window(home).Property(library.tags.7.title)]</label>
		<label2/>
		<icon>DefaultVideo.png</icon>
		<thumb/>
		<action>tag7</action>
		<visible>!String.IsEmpty(Window(home).Property(library.tags.7.title))</visible>
	</shortcut>
	<shortcut>
		<defaultID>embuary_tag8</defaultID>
		<label>$INFO[Window(home).Property(library.tags.8.title)]</label>
		<label2/>
		<icon>DefaultVideo.png</icon>
		<thumb/>
		<action>tag8</action>
		<visible>!String.IsEmpty(Window(home).Property(library.tags.8.title))</visible>
	</shortcut>
	<shortcut>
		<defaultID>embuary_tag9</defaultID>
		<label>$INFO[Window(home).Property(library.tags.9.title)]</label>
		<label2/>
		<icon>DefaultVideo.png</icon>
		<thumb/>
		<action>tag9</action>
		<visible>!String.IsEmpty(Window(home).Property(library.tags.9.title))</visible>
	</shortcut>
	<shortcut>
		<defaultID>embuary_tag10</defaultID>
		<label>$INFO[Window(home).Property(library.tags.10.title)]</label>
		<label2/>
		<icon>DefaultVideo.png</icon>
		<thumb/>
		<action>tag10</action>
		<visible>!String.IsEmpty(Window(home).Property(library.tags.10.title))</visible>
	</shortcut>
	<shortcut>
		<defaultID>embuary_tag11</defaultID>
		<label>$INFO[Window(home).Property(library.tags.11.title)]</label>
		<label2/>
		<icon>DefaultVideo.png</icon>
		<thumb/>
		<action>tag11</action>
		<visible>!String.IsEmpty(Window(home).Property(library.tags.11.title))</visible>
	</shortcut>
	<shortcut>
		<defaultID>embuary_tag12</defaultID>
		<label>$INFO[Window(home).Property(library.tags.12.title)]</label>
		<label2/>
		<icon>DefaultVideo.png</icon>
		<thumb/>
		<action>tag12</action>
		<visible>!String.IsEmpty(Window(home).Property(library.tags.12.title))</visible>
	</shortcut>
	<shortcut>
		<defaultID>embuary_tag13</defaultID>
		<label>$INFO[Window(home).Property(library.tags.13.title)]</label>
		<label2/>
		<icon>DefaultVideo.png</icon>
		<thumb/>
		<action>tag13</action>
		<visible>!String.IsEmpty(Window(home).Property(library.tags.13.title))</visible>
	</shortcut>
	<shortcut>
		<defaultID>embuary_tag14</defaultID>
		<label>$INFO[Window(home).Property(library.tags.14.title)]</label>
		<label2/>
		<icon>DefaultVideo.png</icon>
		<thumb/>
		<action>tag14</action>
		<visible>!String.IsEmpty(Window(home).Property(library.tags.14.title))</visible>
	</shortcut>
	<shortcut>
		<defaultID>embuary_tag15</defaultID>
		<label>$INFO[Window(home).Property(library.tags.15.title)]</label>
		<label2/>
		<icon>DefaultVideo.png</icon>
		<thumb/>
		<action>tag15</action>
		<visible>!String.IsEmpty(Window(home).Property(library.tags.15.title))</visible>
	</shortcut>
	<shortcut>
		<defaultID>embuary_tag16</defaultID>
		<label>$INFO[Window(home).Property(library.tags.16.title)]</label>
		<label2/>
		<icon>DefaultVideo.png</icon>
		<thumb/>
		<action>tag16</action>
		<visible>!String.IsEmpty(Window(home).Property(library.tags.16.title))</visible>
	</shortcut>
	<shortcut>
		<defaultID>embuary_tag17</defaultID>
		<label>$INFO[Window(home).Property(library.tags.17.title)]</label>
		<label2/>
		<icon>DefaultVideo.png</icon>
		<thumb/>
		<action>tag17</action>
		<visible>!String.IsEmpty(Window(home).Property(library.tags.17.title))</visible>
	</shortcut>
	<shortcut>
		<defaultID>embuary_tag18</defaultID>
		<label>$INFO[Window(home).Property(library.tags.18.title)]</label>
		<label2/>
		<icon>DefaultVideo.png</icon>
		<thumb/>
		<action>tag18</action>
		<visible>!String.IsEmpty(Window(home).Property(library.tags.18.title))</visible>
	</shortcut>
	<shortcut>
		<defaultID>embuary_tag19</defaultID>
		<label>$INFO[Window(home).Property(library.tags.19.title)]</label>
		<label2/>
		<icon>DefaultVideo.png</icon>
		<thumb/>
		<action>tag19</action>
		<visible>!String.IsEmpty(Window(home).Property(library.tags.19.title))</visible>
	</shortcut>	<shortcut>
		<defaultID>embuary_tag20</defaultID>
		<label>$INFO[Window(home).Property(library.tags.20.title)]</label>
		<label2/>
		<icon>DefaultVideo.png</icon>
		<thumb/>
		<action>tag20</action>
		<visible>!String.IsEmpty(Window(home).Property(library.tags.20.title))</visible>
	</shortcut>
	<shortcut>
		<defaultID>embuary_tag21</defaultID>
		<label>$INFO[Window(home).Property(library.tags.21.title)]</label>
		<label2/>
		<icon>DefaultVideo.png</icon>
		<thumb/>
		<action>tag21</action>
		<visible>!String.IsEmpty(Window(home).Property(library.tags.21.title))</visible>
	</shortcut>
	<shortcut>
		<defaultID>embuary_tag22</defaultID>
		<label>$INFO[Window(home).Property(library.tags.22.title)]</label>
		<label2/>
		<icon>DefaultVideo.png</icon>
		<thumb/>
		<action>tag22</action>
		<visible>!String.IsEmpty(Window(home).Property(library.tags.22.title))</visible>
	</shortcut>
	<shortcut>
		<defaultID>embuary_tag23</defaultID>
		<label>$INFO[Window(home).Property(library.tags.23.title)]</label>
		<label2/>
		<icon>DefaultVideo.png</icon>
		<thumb/>
		<action>tag23</action>
		<visible>!String.IsEmpty(Window(home).Property(library.tags.23.title))</visible>
	</shortcut>
	<shortcut>
		<defaultID>embuary_tag24</defaultID>
		<label>$INFO[Window(home).Property(library.tags.24.title)]</label>
		<label2/>
		<icon>DefaultVideo.png</icon>
		<thumb/>
		<action>tag24</action>
		<visible>!String.IsEmpty(Window(home).Property(library.tags.24.title))</visible>
	</shortcut>
	<shortcut>
		<defaultID>embuary_tag25</defaultID>
		<label>$INFO[Window(home).Property(library.tags.25.title)]</label>
		<label2/>
		<icon>DefaultVideo.png</icon>
		<thumb/>
		<action>tag25</action>
		<visible>!String.IsEmpty(Window(home).Property(library.tags.25.title))</visible>
	</shortcut>
	<shortcut>
		<defaultID>embuary_tag26</defaultID>
		<label>$INFO[Window(home).Property(library.tags.26.title)]</label>
		<label2/>
		<icon>DefaultVideo.png</icon>
		<thumb/>
		<action>tag26</action>
		<visible>!String.IsEmpty(Window(home).Property(library.tags.26.title))</visible>
	</shortcut>
	<shortcut>
		<defaultID>embuary_tag27</defaultID>
		<label>$INFO[Window(home).Property(library.tags.27.title)]</label>
		<label2/>
		<icon>DefaultVideo.png</icon>
		<thumb/>
		<action>tag27</action>
		<visible>!String.IsEmpty(Window(home).Property(library.tags.27.title))</visible>
	</shortcut>
	<shortcut>
		<defaultID>embuary_tag28</defaultID>
		<label>$INFO[Window(home).Property(library.tags.28.title)]</label>
		<label2/>
		<icon>DefaultVideo.png</icon>
		<thumb/>
		<action>tag28</action>
		<visible>!String.IsEmpty(Window(home).Property(library.tags.28.title))</visible>
	</shortcut>
	<shortcut>
		<defaultID>embuary_tag29</defaultID>
		<label>$INFO[Window(home).Property(library.tags.29.title)]</label>
		<label2/>
		<icon>DefaultVideo.png</icon>
		<thumb/>
		<action>tag29</action>
		<visible>!String.IsEmpty(Window(home).Property(library.tags.29.title))</visible>
	</shortcut>

	<shortcut>
		<defaultID>embuary_embycon0</defaultID>
		<label>$INFO[Window(home).Property(plugin.video.embycon-view_item.0.name)] $VAR[EmbyConLabel]</label>
		<label2/>
		<icon>$INFO[Window(home).Property(plugin.video.embycon-view_item.0.thumb)]</icon>
		<thumb/>
		<action>embycon0</action>
		<visible>[System.HasAddon(plugin.video.embycon) + [String.IsEqual(Window(home).Property(plugin.video.embycon-view_item.0.type),movies) | String.IsEqual(Window(home).Property(plugin.video.embycon-view_item.0.type),tvshows) | String.IsEqual(Window(home).Property(plugin.video.embycon-view_item.0.type),music) | String.IsEqual(Window(home).Property(plugin.video.embycon-view_item.0.type),boxsets)]]</visible>
	</shortcut>
	<shortcut>
		<defaultID>embuary_embycon1</defaultID>
		<label>$INFO[Window(home).Property(plugin.video.embycon-view_item.1.name)] $VAR[EmbyConLabel]</label>
		<label2/>
		<icon>$INFO[Window(home).Property(plugin.video.embycon-view_item.1.thumb)]</icon>
		<thumb/>
		<action>embycon1</action>
		<visible>[System.HasAddon(plugin.video.embycon) + [String.IsEqual(Window(home).Property(plugin.video.embycon-view_item.1.type),movies) | String.IsEqual(Window(home).Property(plugin.video.embycon-view_item.1.type),tvshows) | String.IsEqual(Window(home).Property(plugin.video.embycon-view_item.1.type),music) | String.IsEqual(Window(home).Property(plugin.video.embycon-view_item.1.type),boxsets)]]</visible>
	</shortcut>
	<shortcut>
		<defaultID>embuary_embycon2</defaultID>
		<label>$INFO[Window(home).Property(plugin.video.embycon-view_item.2.name)] $VAR[EmbyConLabel]</label>
		<label2/>
		<icon>$INFO[Window(home).Property(plugin.video.embycon-view_item.2.thumb)]</icon>
		<thumb/>
		<action>embycon2</action>
		<visible>[System.HasAddon(plugin.video.embycon) + [String.IsEqual(Window(home).Property(plugin.video.embycon-view_item.2.type),movies) | String.IsEqual(Window(home).Property(plugin.video.embycon-view_item.2.type),tvshows) | String.IsEqual(Window(home).Property(plugin.video.embycon-view_item.2.type),music) | String.IsEqual(Window(home).Property(plugin.video.embycon-view_item.2.type),boxsets)]]</visible>
	</shortcut>
	<shortcut>
		<defaultID>embuary_embycon3</defaultID>
		<label>$INFO[Window(home).Property(plugin.video.embycon-view_item.3.name)] $VAR[EmbyConLabel]</label>
		<label2/>
		<icon>$INFO[Window(home).Property(plugin.video.embycon-view_item.3.thumb)]</icon>
		<thumb/>
		<action>embycon3</action>
		<visible>[System.HasAddon(plugin.video.embycon) + [String.IsEqual(Window(home).Property(plugin.video.embycon-view_item.3.type),movies) | String.IsEqual(Window(home).Property(plugin.video.embycon-view_item.3.type),tvshows) | String.IsEqual(Window(home).Property(plugin.video.embycon-view_item.3.type),music) | String.IsEqual(Window(home).Property(plugin.video.embycon-view_item.3.type),boxsets)]]</visible>
	</shortcut>
	<shortcut>
		<defaultID>embuary_embycon4</defaultID>
		<label>$INFO[Window(home).Property(plugin.video.embycon-view_item.4.name)] $VAR[EmbyConLabel]</label>
		<label2/>
		<icon>$INFO[Window(home).Property(plugin.video.embycon-view_item.4.thumb)]</icon>
		<thumb/>
		<action>embycon4</action>
		<visible>[System.HasAddon(plugin.video.embycon) + [String.IsEqual(Window(home).Property(plugin.video.embycon-view_item.4.type),movies) | String.IsEqual(Window(home).Property(plugin.video.embycon-view_item.4.type),tvshows) | String.IsEqual(Window(home).Property(plugin.video.embycon-view_item.4.type),music) | String.IsEqual(Window(home).Property(plugin.video.embycon-view_item.4.type),boxsets)]]</visible>
	</shortcut>
	<shortcut>
		<defaultID>embuary_embycon5</defaultID>
		<label>$INFO[Window(home).Property(plugin.video.embycon-view_item.5.name)] $VAR[EmbyConLabel]</label>
		<label2/>
		<icon>$INFO[Window(home).Property(plugin.video.embycon-view_item.5.thumb)]</icon>
		<thumb/>
		<action>embycon5</action>
		<visible>[System.HasAddon(plugin.video.embycon) + [String.IsEqual(Window(home).Property(plugin.video.embycon-view_item.5.type),movies) | String.IsEqual(Window(home).Property(plugin.video.embycon-view_item.5.type),tvshows) | String.IsEqual(Window(home).Property(plugin.video.embycon-view_item.5.type),music) | String.IsEqual(Window(home).Property(plugin.video.embycon-view_item.5.type),boxsets)]]</visible>
	</shortcut>
	<shortcut>
		<defaultID>embuary_embycon6</defaultID>
		<label>$INFO[Window(home).Property(plugin.video.embycon-view_item.6.name)] $VAR[EmbyConLabel]</label>
		<label2/>
		<icon>$INFO[Window(home).Property(plugin.video.embycon-view_item.6.thumb)]</icon>
		<thumb/>
		<action>embycon6</action>
		<visible>[System.HasAddon(plugin.video.embycon) + [String.IsEqual(Window(home).Property(plugin.video.embycon-view_item.6.type),movies) | String.IsEqual(Window(home).Property(plugin.video.embycon-view_item.6.type),tvshows) | String.IsEqual(Window(home).Property(plugin.video.embycon-view_item.6.type),music) | String.IsEqual(Window(home).Property(plugin.video.embycon-view_item.6.type),boxsets)]]</visible>
	</shortcut>
	<shortcut>
		<defaultID>embuary_embycon7</defaultID>
		<label>$INFO[Window(home).Property(plugin.video.embycon-view_item.7.name)] $VAR[EmbyConLabel]</label>
		<label2/>
		<icon>$INFO[Window(home).Property(plugin.video.embycon-view_item.7.thumb)]</icon>
		<thumb/>
		<action>embycon7</action>
		<visible>[System.HasAddon(plugin.video.embycon) + [String.IsEqual(Window(home).Property(plugin.video.embycon-view_item.7.type),movies) | String.IsEqual(Window(home).Property(plugin.video.embycon-view_item.7.type),tvshows) | String.IsEqual(Window(home).Property(plugin.video.embycon-view_item.7.type),music) | String.IsEqual(Window(home).Property(plugin.video.embycon-view_item.7.type),boxsets)]]</visible>
	</shortcut>
	<shortcut>
		<defaultID>embuary_embycon8</defaultID>
		<label>$INFO[Window(home).Property(plugin.video.embycon-view_item.8.name)] $VAR[EmbyConLabel]</label>
		<label2/>
		<icon>$INFO[Window(home).Property(plugin.video.embycon-view_item.8.thumb)]</icon>
		<thumb/>
		<action>embycon8</action>
		<visible>[System.HasAddon(plugin.video.embycon) + [String.IsEqual(Window(home).Property(plugin.video.embycon-view_item.8.type),movies) | String.IsEqual(Window(home).Property(plugin.video.embycon-view_item.8.type),tvshows) | String.IsEqual(Window(home).Property(plugin.video.embycon-view_item.8.type),music) | String.IsEqual(Window(home).Property(plugin.video.embycon-view_item.8.type),boxsets)]]</visible>
	</shortcut>
	<shortcut>
		<defaultID>embuary_embycon9</defaultID>
		<label>$INFO[Window(home).Property(plugin.video.embycon-view_item.9.name)] $VAR[EmbyConLabel]</label>
		<label2/>
		<icon>$INFO[Window(home).Property(plugin.video.embycon-view_item.9.thumb)]</icon>
		<thumb/>
		<action>embycon9</action>
		<visible>[System.HasAddon(plugin.video.embycon) + [String.IsEqual(Window(home).Property(plugin.video.embycon-view_item.9.type),movies) | String.IsEqual(Window(home).Property(plugin.video.embycon-view_item.9.type),tvshows) | String.IsEqual(Window(home).Property(plugin.video.embycon-view_item.9.type),music) | String.IsEqual(Window(home).Property(plugin.video.embycon-view_item.9.type),boxsets)]]</visible>
	</shortcut>
	<shortcut>
		<defaultID>embuary_embycon10</defaultID>
		<label>$INFO[Window(home).Property(plugin.video.embycon-view_item.10.name)] $VAR[EmbyConLabel]</label>
		<label2/>
		<icon>$INFO[Window(home).Property(plugin.video.embycon-view_item.10.thumb)]</icon>
		<thumb/>
		<action>embycon10</action>
		<visible>[System.HasAddon(plugin.video.embycon) + [String.IsEqual(Window(home).Property(plugin.video.embycon-view_item.10.type),movies) | String.IsEqual(Window(home).Property(plugin.video.embycon-view_item.10.type),tvshows) | String.IsEqual(Window(home).Property(plugin.video.embycon-view_item.10.type),music) | String.IsEqual(Window(home).Property(plugin.video.embycon-view_item.10.type),boxsets)]]</visible>
	</shortcut>
	<shortcut>
		<defaultID>embuary_embycon11</defaultID>
		<label>$INFO[Window(home).Property(plugin.video.embycon-view_item.11.name)] $VAR[EmbyConLabel]</label>
		<label2/>
		<icon>$INFO[Window(home).Property(plugin.video.embycon-view_item.11.thumb)]</icon>
		<thumb/>
		<action>embycon11</action>
		<visible>[System.HasAddon(plugin.video.embycon) + [String.IsEqual(Window(home).Property(plugin.video.embycon-view_item.11.type),movies) | String.IsEqual(Window(home).Property(plugin.video.embycon-view_item.11.type),tvshows) | String.IsEqual(Window(home).Property(plugin.video.embycon-view_item.11.type),music) | String.IsEqual(Window(home).Property(plugin.video.embycon-view_item.11.type),boxsets)]]</visible>
	</shortcut>
	<shortcut>
		<defaultID>embuary_embycon12</defaultID>
		<label>$INFO[Window(home).Property(plugin.video.embycon-view_item.12.name)] $VAR[EmbyConLabel]</label>
		<label2/>
		<icon>$INFO[Window(home).Property(plugin.video.embycon-view_item.12.thumb)]</icon>
		<thumb/>
		<action>embycon12</action>
		<visible>[System.HasAddon(plugin.video.embycon) + [String.IsEqual(Window(home).Property(plugin.video.embycon-view_item.12.type),movies) | String.IsEqual(Window(home).Property(plugin.video.embycon-view_item.12.type),tvshows) | String.IsEqual(Window(home).Property(plugin.video.embycon-view_item.12.type),music) | String.IsEqual(Window(home).Property(plugin.video.embycon-view_item.12.type),boxsets)]]</visible>
	</shortcut>
	<shortcut>
		<defaultID>embuary_embycon13</defaultID>
		<label>$INFO[Window(home).Property(plugin.video.embycon-view_item.13.name)] $VAR[EmbyConLabel]</label>
		<label2/>
		<icon>$INFO[Window(home).Property(plugin.video.embycon-view_item.13.thumb)]</icon>
		<thumb/>
		<action>embycon13</action>
		<visible>[System.HasAddon(plugin.video.embycon) + [String.IsEqual(Window(home).Property(plugin.video.embycon-view_item.13.type),movies) | String.IsEqual(Window(home).Property(plugin.video.embycon-view_item.13.type),tvshows) | String.IsEqual(Window(home).Property(plugin.video.embycon-view_item.13.type),music) | String.IsEqual(Window(home).Property(plugin.video.embycon-view_item.13.type),boxsets)]]</visible>
	</shortcut>
	<shortcut>
		<defaultID>embuary_embycon14</defaultID>
		<label>$INFO[Window(home).Property(plugin.video.embycon-view_item.14.name)] $VAR[EmbyConLabel]</label>
		<label2/>
		<icon>$INFO[Window(home).Property(plugin.video.embycon-view_item.14.thumb)]</icon>
		<thumb/>
		<action>embycon14</action>
		<visible>[System.HasAddon(plugin.video.embycon) + [String.IsEqual(Window(home).Property(plugin.video.embycon-view_item.14.type),movies) | String.IsEqual(Window(home).Property(plugin.video.embycon-view_item.14.type),tvshows) | String.IsEqual(Window(home).Property(plugin.video.embycon-view_item.14.type),music) | String.IsEqual(Window(home).Property(plugin.video.embycon-view_item.14.type),boxsets)]]</visible>
	</shortcut>
	<shortcut>
		<defaultID>embuary_embycon15</defaultID>
		<label>$INFO[Window(home).Property(plugin.video.embycon-view_item.15.name)] $VAR[EmbyConLabel]</label>
		<label2/>
		<icon>$INFO[Window(home).Property(plugin.video.embycon-view_item.15.thumb)]</icon>
		<thumb/>
		<action>embycon15</action>
		<visible>[System.HasAddon(plugin.video.embycon) + [String.IsEqual(Window(home).Property(plugin.video.embycon-view_item.15.type),movies) | String.IsEqual(Window(home).Property(plugin.video.embycon-view_item.15.type),tvshows) | String.IsEqual(Window(home).Property(plugin.video.embycon-view_item.15.type),music) | String.IsEqual(Window(home).Property(plugin.video.embycon-view_item.15.type),boxsets)]]</visible>
	</shortcut>
	<shortcut>
		<defaultID>embuary_embycon16</defaultID>
		<label>$INFO[Window(home).Property(plugin.video.embycon-view_item.16.name)] $VAR[EmbyConLabel]</label>
		<label2/>
		<icon>$INFO[Window(home).Property(plugin.video.embycon-view_item.16.thumb)]</icon>
		<thumb/>
		<action>embycon16</action>
		<visible>[System.HasAddon(plugin.video.embycon) + [String.IsEqual(Window(home).Property(plugin.video.embycon-view_item.16.type),movies) | String.IsEqual(Window(home).Property(plugin.video.embycon-view_item.16.type),tvshows) | String.IsEqual(Window(home).Property(plugin.video.embycon-view_item.16.type),music) | String.IsEqual(Window(home).Property(plugin.video.embycon-view_item.16.type),boxsets)]]</visible>
	</shortcut>
	<shortcut>
		<defaultID>embuary_embycon17</defaultID>
		<label>$INFO[Window(home).Property(plugin.video.embycon-view_item.17.name)] $VAR[EmbyConLabel]</label>
		<label2/>
		<icon>$INFO[Window(home).Property(plugin.video.embycon-view_item.17.thumb)]</icon>
		<thumb/>
		<action>embycon17</action>
		<visible>[System.HasAddon(plugin.video.embycon) + [String.IsEqual(Window(home).Property(plugin.video.embycon-view_item.17.type),movies) | String.IsEqual(Window(home).Property(plugin.video.embycon-view_item.17.type),tvshows) | String.IsEqual(Window(home).Property(plugin.video.embycon-view_item.17.type),music) | String.IsEqual(Window(home).Property(plugin.video.embycon-view_item.17.type),boxsets)]]</visible>
	</shortcut>
	<shortcut>
		<defaultID>embuary_embycon18</defaultID>
		<label>$INFO[Window(home).Property(plugin.video.embycon-view_item.18.name)] $VAR[EmbyConLabel]</label>
		<label2/>
		<icon>$INFO[Window(home).Property(plugin.video.embycon-view_item.18.thumb)]</icon>
		<thumb/>
		<action>embycon18</action>
		<visible>[System.HasAddon(plugin.video.embycon) + [String.IsEqual(Window(home).Property(plugin.video.embycon-view_item.18.type),movies) | String.IsEqual(Window(home).Property(plugin.video.embycon-view_item.18.type),tvshows) | String.IsEqual(Window(home).Property(plugin.video.embycon-view_item.18.type),music) | String.IsEqual(Window(home).Property(plugin.video.embycon-view_item.18.type),boxsets)]]</visible>
	</shortcut>
	<shortcut>
		<defaultID>embuary_embycon19</defaultID>
		<label>$INFO[Window(home).Property(plugin.video.embycon-view_item.19.name)] $VAR[EmbyConLabel]</label>
		<label2/>
		<icon>$INFO[Window(home).Property(plugin.video.embycon-view_item.19.thumb)]</icon>
		<thumb/>
		<action>embycon19</action>
		<visible>[System.HasAddon(plugin.video.embycon) + [String.IsEqual(Window(home).Property(plugin.video.embycon-view_item.19.type),movies) | String.IsEqual(Window(home).Property(plugin.video.embycon-view_item.19.type),tvshows) | String.IsEqual(Window(home).Property(plugin.video.embycon-view_item.19.type),music) | String.IsEqual(Window(home).Property(plugin.video.embycon-view_item.19.type),boxsets)]]</visible>
	</shortcut>
	<shortcut>
		<defaultID>embuary_embycon20</defaultID>
		<label>$INFO[Window(home).Property(plugin.video.embycon-view_item.20.name)] $VAR[EmbyConLabel]</label>
		<label2/>
		<icon>$INFO[Window(home).Property(plugin.video.embycon-view_item.20.thumb)]</icon>
		<thumb/>
		<action>embycon20</action>
		<visible>[System.HasAddon(plugin.video.embycon) + [String.IsEqual(Window(home).Property(plugin.video.embycon-view_item.20.type),movies) | String.IsEqual(Window(home).Property(plugin.video.embycon-view_item.20.type),tvshows) | String.IsEqual(Window(home).Property(plugin.video.embycon-view_item.20.type),music) | String.IsEqual(Window(home).Property(plugin.video.embycon-view_item.20.type),boxsets)]]</visible>
	</shortcut>
	<shortcut>
		<defaultID>embuary_embycon21</defaultID>
		<label>$INFO[Window(home).Property(plugin.video.embycon-view_item.21.name)] $VAR[EmbyConLabel]</label>
		<label2/>
		<icon>$INFO[Window(home).Property(plugin.video.embycon-view_item.21.thumb)]</icon>
		<thumb/>
		<action>embycon21</action>
		<visible>[System.HasAddon(plugin.video.embycon) + [String.IsEqual(Window(home).Property(plugin.video.embycon-view_item.21.type),movies) | String.IsEqual(Window(home).Property(plugin.video.embycon-view_item.21.type),tvshows) | String.IsEqual(Window(home).Property(plugin.video.embycon-view_item.21.type),music) | String.IsEqual(Window(home).Property(plugin.video.embycon-view_item.21.type),boxsets)]]</visible>
	</shortcut>
	<shortcut>
		<defaultID>embuary_embycon22</defaultID>
		<label>$INFO[Window(home).Property(plugin.video.embycon-view_item.22.name)] $VAR[EmbyConLabel]</label>
		<label2/>
		<icon>$INFO[Window(home).Property(plugin.video.embycon-view_item.22.thumb)]</icon>
		<thumb/>
		<action>embycon22</action>
		<visible>[System.HasAddon(plugin.video.embycon) + [String.IsEqual(Window(home).Property(plugin.video.embycon-view_item.22.type),movies) | String.IsEqual(Window(home).Property(plugin.video.embycon-view_item.22.type),tvshows) | String.IsEqual(Window(home).Property(plugin.video.embycon-view_item.22.type),music) | String.IsEqual(Window(home).Property(plugin.video.embycon-view_item.22.type),boxsets)]]</visible>
	</shortcut>
	<shortcut>
		<defaultID>embuary_embycon23</defaultID>
		<label>$INFO[Window(home).Property(plugin.video.embycon-view_item.23.name)] $VAR[EmbyConLabel]</label>
		<label2/>
		<icon>$INFO[Window(home).Property(plugin.video.embycon-view_item.23.thumb)]</icon>
		<thumb/>
		<action>embycon23</action>
		<visible>[System.HasAddon(plugin.video.embycon) + [String.IsEqual(Window(home).Property(plugin.video.embycon-view_item.23.type),movies) | String.IsEqual(Window(home).Property(plugin.video.embycon-view_item.23.type),tvshows) | String.IsEqual(Window(home).Property(plugin.video.embycon-view_item.23.type),music) | String.IsEqual(Window(home).Property(plugin.video.embycon-view_item.23.type),boxsets)]]</visible>
	</shortcut>
	<shortcut>
		<defaultID>embuary_embycon24</defaultID>
		<label>$INFO[Window(home).Property(plugin.video.embycon-view_item.24.name)] $VAR[EmbyConLabel]</label>
		<label2/>
		<icon>$INFO[Window(home).Property(plugin.video.embycon-view_item.24.thumb)]</icon>
		<thumb/>
		<action>embycon24</action>
		<visible>[System.HasAddon(plugin.video.embycon) + [String.IsEqual(Window(home).Property(plugin.video.embycon-view_item.24.type),movies) | String.IsEqual(Window(home).Property(plugin.video.embycon-view_item.24.type),tvshows) | String.IsEqual(Window(home).Property(plugin.video.embycon-view_item.24.type),music) | String.IsEqual(Window(home).Property(plugin.video.embycon-view_item.24.type),boxsets)]]</visible>
	</shortcut>
	<shortcut>
		<defaultID>embuary_embycon25</defaultID>
		<label>$INFO[Window(home).Property(plugin.video.embycon-view_item.25.name)] $VAR[EmbyConLabel]</label>
		<label2/>
		<icon>$INFO[Window(home).Property(plugin.video.embycon-view_item.25.thumb)]</icon>
		<thumb/>
		<action>embycon25</action>
		<visible>[System.HasAddon(plugin.video.embycon) + [String.IsEqual(Window(home).Property(plugin.video.embycon-view_item.25.type),movies) | String.IsEqual(Window(home).Property(plugin.video.embycon-view_item.25.type),tvshows) | String.IsEqual(Window(home).Property(plugin.video.embycon-view_item.25.type),music) | String.IsEqual(Window(home).Property(plugin.video.embycon-view_item.25.type),boxsets)]]</visible>
	</shortcut>
	<shortcut>
		<defaultID>embuary_embycon26</defaultID>
		<label>$INFO[Window(home).Property(plugin.video.embycon-view_item.26.name)] $VAR[EmbyConLabel]</label>
		<label2/>
		<icon>$INFO[Window(home).Property(plugin.video.embycon-view_item.26.thumb)]</icon>
		<thumb/>
		<action>embycon26</action>
		<visible>[System.HasAddon(plugin.video.embycon) + [String.IsEqual(Window(home).Property(plugin.video.embycon-view_item.26.type),movies) | String.IsEqual(Window(home).Property(plugin.video.embycon-view_item.26.type),tvshows) | String.IsEqual(Window(home).Property(plugin.video.embycon-view_item.26.type),music) | String.IsEqual(Window(home).Property(plugin.video.embycon-view_item.26.type),boxsets)]]</visible>
	</shortcut>
	<shortcut>
		<defaultID>embuary_embycon27</defaultID>
		<label>$INFO[Window(home).Property(plugin.video.embycon-view_item.27.name)] $VAR[EmbyConLabel]</label>
		<label2/>
		<icon>$INFO[Window(home).Property(plugin.video.embycon-view_item.27.thumb)]</icon>
		<thumb/>
		<action>embycon27</action>
		<visible>[System.HasAddon(plugin.video.embycon) + [String.IsEqual(Window(home).Property(plugin.video.embycon-view_item.27.type),movies) | String.IsEqual(Window(home).Property(plugin.video.embycon-view_item.27.type),tvshows) | String.IsEqual(Window(home).Property(plugin.video.embycon-view_item.27.type),music) | String.IsEqual(Window(home).Property(plugin.video.embycon-view_item.27.type),boxsets)]]</visible>
	</shortcut>
	<shortcut>
		<defaultID>embuary_embycon28</defaultID>
		<label>$INFO[Window(home).Property(plugin.video.embycon-view_item.28.name)] $VAR[EmbyConLabel]</label>
		<label2/>
		<icon>$INFO[Window(home).Property(plugin.video.embycon-view_item.28.thumb)]</icon>
		<thumb/>
		<action>embycon28</action>
		<visible>[System.HasAddon(plugin.video.embycon) + [String.IsEqual(Window(home).Property(plugin.video.embycon-view_item.28.type),movies) | String.IsEqual(Window(home).Property(plugin.video.embycon-view_item.28.type),tvshows) | String.IsEqual(Window(home).Property(plugin.video.embycon-view_item.28.type),music) | String.IsEqual(Window(home).Property(plugin.video.embycon-view_item.28.type),boxsets)]]</visible>
	</shortcut>
	<shortcut>
		<defaultID>embuary_embycon29</defaultID>
		<label>$INFO[Window(home).Property(plugin.video.embycon-view_item.29.name)] $VAR[EmbyConLabel]</label>
		<label2/>
		<icon>$INFO[Window(home).Property(plugin.video.embycon-view_item.29.thumb)]</icon>
		<thumb/>
		<action>embycon29</action>
		<visible>[System.HasAddon(plugin.video.embycon) + [String.IsEqual(Window(home).Property(plugin.video.embycon-view_item.29.type),movies) | String.IsEqual(Window(home).Property(plugin.video.embycon-view_item.29.type),tvshows) | String.IsEqual(Window(home).Property(plugin.video.embycon-view_item.29.type),music) | String.IsEqual(Window(home).Property(plugin.video.embycon-view_item.29.type),boxsets)]]</visible>
	</shortcut>
	<!-- pvr -->
	<shortcut>
		<defaultID>embuary_pvr</defaultID>
		<label>$VAR[PVRLabel]</label>
		<label2/>
		<icon>special://skin/extras/icons/thumb_livetv.jpg</icon>
		<thumb/>
		<action>ActivateWindow(1124,return)</action>
		<visible>Pvr.HasTVChannels</visible>
	</shortcut>
	<shortcut>
		<defaultID>embuary_recordings</defaultID>
		<label>19017</label>
		<label2/>
		<icon>special://skin/extras/icons/thumb_recordings.jpg</icon>
		<thumb/>
		<action>ActivateWindow(tvrecordings)</action>
		<visible>Pvr.HasTVChannels</visible>
	</shortcut>
	<shortcut>
		<defaultID>embuary_all_music</defaultID>
		<label>2</label>
		<label2/>
		<icon>$VAR[MainMenusportshubIcon]</icon>
		<thumb/>
		<action>ActivateWindow(1122,return)</action>
		<visible>[Library.HasContent(music)
		| [System.HasAddon(plugin.video.embycon) + [
		String.IsEqual(Window(home).Property(plugin.video.embycon-view_item.0.type),music)
		| String.IsEqual(Window(home).Property(plugin.video.embycon-view_item.1.type),music)
		| String.IsEqual(Window(home).Property(plugin.video.embycon-view_item.2.type),music)
		| String.IsEqual(Window(home).Property(plugin.video.embycon-view_item.3.type),music)
		| String.IsEqual(Window(home).Property(plugin.video.embycon-view_item.4.type),music)
		| String.IsEqual(Window(home).Property(plugin.video.embycon-view_item.5.type),music)
		| String.IsEqual(Window(home).Property(plugin.video.embycon-view_item.6.type),music)
		| String.IsEqual(Window(home).Property(plugin.video.embycon-view_item.7.type),music)
		| String.IsEqual(Window(home).Property(plugin.video.embycon-view_item.8.type),music)
		| String.IsEqual(Window(home).Property(plugin.video.embycon-view_item.9.type),music)
		| String.IsEqual(Window(home).Property(plugin.video.embycon-view_item.10.type),music)
		| String.IsEqual(Window(home).Property(plugin.video.embycon-view_item.11.type),music)
		| String.IsEqual(Window(home).Property(plugin.video.embycon-view_item.12.type),music)
		| String.IsEqual(Window(home).Property(plugin.video.embycon-view_item.13.type),music)
		| String.IsEqual(Window(home).Property(plugin.video.embycon-view_item.14.type),music)
		| String.IsEqual(Window(home).Property(plugin.video.embycon-view_item.15.type),music)
		| String.IsEqual(Window(home).Property(plugin.video.embycon-view_item.16.type),music)
		| String.IsEqual(Window(home).Property(plugin.video.embycon-view_item.17.type),music)
		| String.IsEqual(Window(home).Property(plugin.video.embycon-view_item.18.type),music)
		| String.IsEqual(Window(home).Property(plugin.video.embycon-view_item.19.type),music)
		| String.IsEqual(Window(home).Property(plugin.video.embycon-view_item.20.type),music)
		| String.IsEqual(Window(home).Property(plugin.video.embycon-view_item.21.type),music)
		| String.IsEqual(Window(home).Property(plugin.video.embycon-view_item.22.type),music)
		| String.IsEqual(Window(home).Property(plugin.video.embycon-view_item.23.type),music)
		| String.IsEqual(Window(home).Property(plugin.video.embycon-view_item.24.type),music)
		| String.IsEqual(Window(home).Property(plugin.video.embycon-view_item.25.type),music)
		| String.IsEqual(Window(home).Property(plugin.video.embycon-view_item.26.type),music)
		| String.IsEqual(Window(home).Property(plugin.video.embycon-view_item.27.type),music)
		| String.IsEqual(Window(home).Property(plugin.video.embycon-view_item.28.type),music)
		| String.IsEqual(Window(home).Property(plugin.video.embycon-view_item.29.type),music)
		]]]</visible>
	</shortcut>
	<shortcut>
		<defaultID>embuary_musicvideos</defaultID>
		<label>20389</label>
		<label2/>
		<icon>DefaultVideo.png</icon>
		<thumb/>
		<action>ActivateWindow(videos,videodb://musicvideos/titles/,return)</action>
		<visible>Library.HasContent(musicvideos)</visible>
	</shortcut>
	<shortcut>
		<defaultID>embuary_customhub</defaultID>
		<label>$VAR[CustomHubHeadline]</label>
		<label2/>
		<icon>special://skin/extras/icons/thumb_customhub.jpg</icon>
		<thumb/>
		<action>ActivateWindow(1125,return)</action>
		<visible>Skin.HasSetting(ShowCustomHub)</visible>
	</shortcut>
	<shortcut>
		<defaultID>embuary_games</defaultID>
		<label>10821</label>
		<label2/>
		<icon>special://skin/extras/icons/thumb_retroplayer.jpg</icon>
		<thumb/>
		<action>ActivateWindow(games)</action>
	</shortcut>
	<shortcut>
		<defaultID>embuary_addons</defaultID>
		<label>24001</label>
		<label2/>
		<icon>special://skin/extras/icons/thumb_addons.jpg</icon>
		<thumb/>
		<action>ActivateWindow(1123,return)</action>
	</shortcut>
	<shortcut>
		<defaultID>embuary_android</defaultID>
		<label>20244</label>
		<label2/>
		<icon>special://skin/extras/icons/thumb_android.jpg</icon>
		<thumb/>
		<action>ActivateWindow(programs,androidapp://sources/apps/,return)</action>
		<visible>System.Platform.Android</visible>
	</shortcut>
</shortcuts>
