{
  "id": "simpsons-latino",
  "name": "Simpsons-Latino",
  "active": false,
  "adult": false,
  "language": ["lat"],
  "thumbnail":"https://simpsons-latino.com/wp-content/themes/vizer/assets/img/logo.png",
  "banner": "",
  "fanart": "",
  "categories": [
    "tvshow"
  ],
  "settings": [
    {
      "id": "filter_languages",
      "type": "list",
      "label": "Mostrar enlaces en idioma...",
      "default": 0,
      "enabled": true,
      "visible": true,
      "lvalues": [
        "No filtrar",
        "LAT"
      ]
    }
  ]
}
