{
  "id": "watchpornfree",
  "name": "watchpornfree",
  "active": true,
  "adult": true,
  "language": ["*"],
  "thumbnail": "https://watchpornfree.info/adult/wp-content/uploads/2021/04/watchpornfreews-1-e1525276673535.png",
  "banner": "",
  "fanart": "",
  "categories": [
    "adult"
  ],
  "settings": [
    {
      "id": "filter_languages",
      "type": "list",
      "label": "Mostrar enlaces en idioma...",
      "default": 0,
      "enabled": true,
      "visible": true,
      "lvalues": [
        "No filtrar"
      ]
    }
  ]
}
