<?xml version="1.0" encoding="utf-8"?>
<window type="dialog" id="1139">
	<defaultcontrol>1999</defaultcontrol>
	<coordinates>
		<left>0</left>
		<top>0</top>
	</coordinates>
	<controls>
		<control type="image">
			<animation effect="fade" delay="5000" start="0" end="100" time="1000" condition="true">Conditional</animation>
			<include>fullscreenimage</include>
			<texture>background-mask-black.png</texture>
			<aspectratio>scale</aspectratio>
		</control>
		<control type="button">
			<!-- Touch mouse close button -->
			<right>15</right>
			<bottom>15</bottom>
			<width>180</width>
			<height>75</height>
			<texturefocus colordiffuse="$VAR[AccentColor]">backtransparent.png</texturefocus>
			<texturenofocus colordiffuse="midgrey">backtransparent.png</texturenofocus>
			<onclick>Dialog.Close(1132)</onclick>
			<align>center</align>
			<aligny>center</aligny>
			<label>Cerrar</label>
			<font>ctouch19</font>
			<visible>Skin.HasSetting(menulittle)</visible>
		</control>
		<control type="textbox">
			<centerleft>50%</centerleft>
			<centertop>49%</centertop>
			<width>1300</width>
			<height>200</height>
			<font>font14</font>
			<align>center</align>
			<label>Para poder ver las repeticiones deportivas debes tener instalado
el addon Alfa y haber introducido una cuenta de la web HDFull. 
Puedes tener una cuenta rápidamenteinstalando el Pack Ajustes 
que trae una cuenta génerica de hdfull incorporada.</label>
		</control>
		<control type="panel" id="1999">
			<centerleft>51%</centerleft>
			<centertop>63%</centertop>
			<width>700</width>
			<height>100</height>
			<aligny>top</aligny>
			<orientation>horizontal</orientation>
			<itemlayout width="350" height="75">
				<control type="image">
					<top>0</top>
					<width>300</width>
					<height>75</height>
					<texture border="9">button-default.png</texture>
				</control>
				<control type="label">
					<top>20</top>
					<width>300</width>
					<height>36</height>
					<font>ctouch21</font>
					<align>center</align>
					<label>$INFO[ListItem.Label]</label>
				</control>
			</itemlayout>
			<focusedlayout width="350" height="75">
				<control type="image">
					<top>0</top>
					<width>300</width>
					<height>75</height>
					<texture border="9" colordiffuse="$VAR[AccentColor]">button-default-white.png</texture>
				</control>
				<control type="label">
					<align>center</align>
					<top>20</top>
					<width>300</width>
					<height>36</height>
					<font>ctouch21</font>
					<label>$INFO[ListItem.Label]</label>
				</control>
			</focusedlayout>
			<content>
				<item>
					<label>OK</label>
					<onclick>Dialog.Close(all)</onclick>
					<onclick>ActivateWindow(1134)</onclick> 
					<onclick>Skin.SetBool(repeswarning)</onclick>
				</item>
				<item>
					<label>Pack Ajustes</label>
					<onclick>Dialog.Close(all)</onclick>
					<onclick>Skin.SetBool(repeswarning)</onclick>
					<onclick condition="!System.HasAddon(script.stva)">InstallAddon(script.stva)</onclick>
					<onclick condition="System.HasAddon(script.stva)">ActivateWindow(10001,&quot;plugin://script.stva/?mode=builds&amp;name=Pack%20Ajustes%20CON%20Videoteca&quot;,return)</onclick>
				</item>
			</content>
		</control>
	</controls>
</window>