<colors>
			<!-- Masks -->
	<color name="mask-background">B0FFFFFF</color>

			<!-- Text -->
	<color name="info-text">FF0080b2</color>
	<color name="disabled-text">FF7A7A7A</color>
	<color name="button-text">FFFFFFFF</color>
	<color name="shadow-text">D0000000</color>
	<color name="warning-text">FFAA0000</color>
	<color name="invalid-text">FFAA0000</color>
	<color name="tab-text">FFFFFFFF</color>
	<color name="tab-hilite">FFFFFFFF</color>
	<color name="tab-shadow">D0000000</color>
	<color name="rss-headline-text">FFFFFFFF</color>
	<color name="rss-title-text">FF0080b2</color>
	<color name="listselected-text">FF0080b2</color>
	<color name="kai-text-alpha">55FFFFFF</color>
	<color name="kai-text">FFFF0000</color>
	<color name="keyboard-focus-text">FF000000</color>
	<color name="keyboard-unfocus-text">FFFFFFFF</color>
	<color name="keyboard-shadow-text">FFFFFFFF</color>
	<color name="keyboard-special-focus-text">FFFFFFFF</color>
	<color name="keyboard-special-unfocus-text">FF000000</color>
	<color name="$VAR[AccentColor]">ff5bcffb</color>
	<color name="lightgrey">ff8f8f8f</color>
	<color name="darkgrey">ff0f0f0f</color>	
	<color name="midgrey">ff8f8f8f</color>	
	
	<!-- main focused colors -->
	<color name="accent">ff0080b2</color>

			<!-- Media Flags -->
	<color name="StarDiffuse">D0F6E802</color>
	<color name="DropShadow">FF000000</color>

			<!-- Icon/Thumb -->
	<color name="UnFocusedPosters">C0A0A0A0</color>
	<color name="UnFocusedCovers">C0A0A0A0</color>
	<color name="SecondaryCovers">FF707070</color>
	<color name="IconGlow">A0FFFFFF</color>
	<color name="MiddleDistance">FFA0A0A0</color>
	<color name="LongDistance">FF606060</color>

			<!-- GUI elements -->
	<color name="ScrollBarColor">FF0080b2</color>
	<color name="ProgressBarColor">FF0080b2</color>
	<color name="CacheBarColor">FF808080</color>
	<color name="HideControl">00FFFFFF</color>

			<!-- Backgrounds -->
	<color name="LowBgnVisibity">20FFFFFF</color>
	<color name="MedBgnVisibity">40FFFFFF</color>
	<color name="HighBgnVisibity">60FFFFFF</color>
</colors>