<?xml version="1.0" encoding="utf-8"?>
<window type="dialog" id="1151">
	<defaultcontrol>500</defaultcontrol>
	<coordinates>
		<left>0</left>
		<top>0</top>
	</coordinates>
	<controls>
		<include>fadebackground</include>
		<control type="image">
			<!-- Dialog background Non Fullscreen video screens-->
			<left>1080</left>
			<top>150</top>
			<width>594</width>
			<height>339</height>
			<texture border="14">button-menu-background.png</texture>
			<visible>$EXP[isnotFullscreenVideo]</visible>
		</control>
		<control type="image">
			<!-- Dialog background Fullscreen video screen-->
			<left>1080</left>
			<top>150</top>
			<width>594</width>
			<height>339</height>
			<texture colordiffuse="UnFocusedPosters" border="14">button-menu-background.png</texture>
			<visible>$EXP[isFullscreenVideo]</visible>
		</control>
		<control type="label">
			<!-- Header -->
			<left>1095</left>
			<top>162</top>
			<width>564</width>
			<height>60</height>
			<label>$LOCALIZE[31561]</label>
			<align>center</align>
		</control>
		<control type="button">
			<!-- Touch mouse close button -->
			<left>1641</left>
			<top>135</top>
			<width>48</width>
			<height>48</height>
			<texturefocus>touch-close.png</texturefocus>
			<texturenofocus>touch-close.png</texturenofocus>
			<onclick>Dialog.Close(1151)</onclick>
			<visible>Skin.HasSetting(homemenu-icon)</visible>											
		</control>
		<control type="image">
			<left>1095</left>
			<top>225</top>
			<width>564</width>
			<height>6</height>
			<texture>separator.png</texture>
		</control>
		<control type="grouplist" id="500">
			<visible>![Window.IsVisible(SliderDialog) | Window.IsVisible(OSDVideoSettings) | Window.IsVisible(OSDAudioSettings) | Window.IsVisible(VideoBookmarks) | Window.IsVisible(PVROSDChannels) | Window.IsVisible(pvrchannelguide)]</visible>
			<animation effect="fade" time="200">VisibleChange</animation>
			<left>1095</left>
			<top>243</top>
			<width>564</width>
			<height>225</height>
			<onup>500</onup>
			<ondown>500</ondown>
			<onleft>Dialog.Close(1151)</onleft>
			<onright>Dialog.Close(1151)</onright>
			<control type="radiobutton" id="501">
				<height>75</height>
				<width>564</width>
				<textoffsetx>45</textoffsetx>
				<font>ctouch23</font>
				<label>$LOCALIZE[305]</label>
				<radioposx>495</radioposx>
				<onclick>ToggleStereoMode</onclick>
				<selected>Integer.IsGreater(System.StereoscopicMode,0)</selected>
			</control>
			<control type="button" id="502">
				<height>75</height>
				<width>564</width>
				<font>ctouch23</font>
				<textoffsetx>45</textoffsetx>
				<label>$LOCALIZE[240]</label>
				<onclick>StereoMode</onclick>
			</control>
			<control type="radiobutton" id="503">
				<height>75</height>
				<width>564</width>
				<textoffsetx>45</textoffsetx>
				<font>ctouch23</font>
				<label>$LOCALIZE[31126]</label>
				<radioposx>495</radioposx>
				<onclick>StereoModeToMono</onclick>
				<selected>String.IsEqual(System.StereoscopicMode,7)</selected>
			</control>
		</control>
	</controls>
</window>