{
  "id": "miradetodo",
  "name": "MiraDeTodo",
  "active": true,
  "adult": false,
  "language": ["lat"],
  "thumbnail": "https://s17.postimg.cc/e8kp12mcv/miradetodo.png",
  "banner": "https://s7.postimg.cc/it21t0dej/miradetodo-banner.png",
  "fanart": "",
  "categories": [
    "movie"
  ],
  "settings": [
    {
      "id": "include_in_global_search",
      "type": "bool",
      "label": "Incluir en busqueda global",
      "default": false,
      "enabled": true,
      "visible": true
    },
    {
      "id": "include_in_newest_latino",
      "type": "bool",
      "label": "Incluir en Novedades - Latino",
      "default": true,
      "enabled": true,
      "visible": true
    },
    {
      "id": "include_in_newest_peliculas",
      "type": "bool",
      "label": "Incluir en Novedades - Peliculas",
      "default": true,
      "enabled": true,
      "visible": true
    },
    {
      "id": "include_in_newest_infantiles",
      "type": "bool",
      "label": "Incluir en Novedades - Infantiles",
      "default": true,
      "enabled": true,
      "visible": true
    }
  ]
}
