{
  "id": "supergoku",
  "name": "SuperGoku",
  "active": true,
  "adult": false,
  "language": ["lat"],
  "thumbnail": "https://www.supergoku.com/wp-content/uploads/2017/01/Esfera.png",
  "banner": "",
  "fanart": "",
  "categories": [
    "anime",
    "vos"
  ],
  "force_unify": true,
  "settings": [
    {
      "id": "include_in_global_search",
      "type": "bool",
      "label": "Incluir en busqueda global",
      "default": true,
      "enabled": true,
      "visible": true
    },
    {
      "id": "include_in_newest_anime",
      "type": "bool",
      "label": "Incluir en Novedades - Episodios de anime",
      "default": false,
      "enabled": true,
      "visible": true
    }
  ]
}
