{
  "id": "tvanime",
  "name": "TVAnime",
  "active": true,
  "adult": false,
  "language": ["lat", "cast"],
  "thumbnail": "https://monoschinos2.com/image/files/155/45/logo.png",
  "banner": "",
  "fanart": "",
  "categories": [
    "anime",
    "vos"
  ],
  "settings": [
    {
      "id": "include_in_global_search",
      "type": "bool",
      "label": "Incluir en busqueda global",
      "default": true,
      "enabled": true,
      "visible": true
    },
    {
      "id": "epsxfolder",
      "type": "list",
      "label": "Dividir Episodios en Carpetas de...",
      "default": 0,
      "enabled": true,
      "visible": true,
      "lvalues": [
        "No Dividir",
        "25 Eps",
        "50 Eps",
        "100 Eps"
      ]
    },
    {
      "id": "filter_languages",
      "type": "list",
      "label": "Mostrar enlaces en idioma...",
      "default": 0,
      "enabled": true,
      "visible": true,
      "lvalues": [
        "No filtrar",
        "VOSE",
        "LAT",
        "CAST"
      ]
    },
    {
      "id": "comprueba_enlaces_num",
      "type": "list",
      "label": "Número de enlaces a verificar",
      "default": 1,
      "enabled": true,
      "visible": "eq(-1,true)",
      "lvalues": [ "5", "10", "15", "20" ]
    },
    {
      "id": "include_in_newest_anime",
      "type": "bool",
      "label": "Incluir en Novedades - Episodios de anime",
      "default": true,
      "enabled": true,
      "visible": true
    }
  ]
}
