<?xml version="1.0" encoding="utf-8"?>
<window id="1129">
    <defaultcontrol>9000</defaultcontrol>
    <controls>
		<control type="image">
			<centerleft>50%</centerleft>
			<top>0</top>
			<width>325</width>
			<height>325</height>
			<texture background="true">special://skin/resources/icon.png</texture>
		</control>	
		<control type="group">
			<centerleft>50%</centerleft>
			<top>200</top>
			<height>1000</height>
			<width>1200</width>
			<control type="textbox">
				<top>180</top>
				<width>1200</width>
				<height>500</height>
				<shadowcolor>black</shadowcolor>
				<pagecontrol>3000</pagecontrol>
				<font>font13</font>
				<align>center</align>
				<label>Instala los siguientes repositorios para mantener todos los addons siempre actualizados.</label>
			</control>
			<control type="grouplist" id="9000">
				<orientation>vertical</orientation>
				<left>0</left>
				<itemgap>10</itemgap>
				<top>160</top>
				<width>1200</width>
				<align>center</align>
				<font>font13</font>
					<control type="radiobutton" id="333">
						<font>font14</font>
						<radioposx>1100</radioposx>
						<label>Repositorio STVA Matrix $INFO[System.AddonVersion(repository.repostva.matrix),(,)]</label>
						<height>60</height>
						<radiowidth>100</radiowidth>
						<radioheight>100</radioheight>
						<textureradioonfocus colordiffuse="ffffffff">buttons/status-on.png</textureradioonfocus>
						<textureradioonnofocus colordiffuse="ffffffff">buttons/status-on.png</textureradioonnofocus>
						<textureradioofffocus colordiffuse="fff02222">buttons/status-off.png</textureradioofffocus>
						<textureradiooffnofocus colordiffuse="fff02222">buttons/status-off.png</textureradiooffnofocus>
						<onclick condition="!System.HasAddon(repository.repostva.matrix)">InstallAddon(repository.repostva.matrix)</onclick>																		
						<selected>System.HasAddon(repository.repostva.matrix)</selected>
						<include>DefaultSettingButton</include>
					</control>
					<control type="radiobutton" id="334">
						<radioposx>1100</radioposx>
						<font>font14</font>
						<label>Repositorio Festa $INFO[System.AddonVersion(repository.festa),(,)]</label>
						<height>60</height>
						<radiowidth>100</radiowidth>
						<radioheight>100</radioheight>
						<textureradioonfocus colordiffuse="ffffffff">buttons/status-on.png</textureradioonfocus>
						<textureradioonnofocus colordiffuse="ffffffff">buttons/status-on.png</textureradioonnofocus>
						<textureradioofffocus colordiffuse="fff02222">buttons/status-off.png</textureradioofffocus>
						<textureradiooffnofocus colordiffuse="fff02222">buttons/status-off.png</textureradiooffnofocus>
						<onclick condition="!System.HasAddon(repoository.festa)">InstallAddon(repository.festa)</onclick>																		
						<selected>System.HasAddon(repository.festa)</selected>
						<include>DefaultSettingButton</include>
					</control>
					<control type="radiobutton" id="335">
						<radioposx>1100</radioposx>
						<font>font14</font>
						<label>Repositorio Alfa-Addon $INFO[System.AddonVersion(repository.alfa-addon),(,)]</label>
						<height>60</height>
						<radiowidth>100</radiowidth>
						<radioheight>100</radioheight>
						<textureradioonfocus colordiffuse="ffffffff">buttons/status-on.png</textureradioonfocus>
						<textureradioonnofocus colordiffuse="ffffffff">buttons/status-on.png</textureradioonnofocus>
						<textureradioofffocus colordiffuse="fff02222">buttons/status-off.png</textureradioofffocus>
						<textureradiooffnofocus colordiffuse="fff02222">buttons/status-off.png</textureradiooffnofocus>
						<onclick condition="!System.HasAddon(repoository.alfa-addon)">InstallAddon(repository.alfa-addon)</onclick>																		
						<selected>System.HasAddon(repository.alfa-addon)</selected>
						<include>DefaultSettingButton</include>
					</control>
					<control type="radiobutton" id="329">
						<radioposx>1100</radioposx>
						<font>font14</font>
						<label>Repositorio Camaradas $INFO[System.AddonVersion(repository.camaradas.repo),(,)]</label>
						<height>60</height>
						<radiowidth>100</radiowidth>
						<radioheight>100</radioheight>
						<textureradioonfocus colordiffuse="ffffffff">buttons/status-on.png</textureradioonfocus>
						<textureradioonnofocus colordiffuse="ffffffff">buttons/status-on.png</textureradioonnofocus>
						<textureradioofffocus colordiffuse="fff02222">buttons/status-off.png</textureradioofffocus>
						<textureradiooffnofocus colordiffuse="fff02222">buttons/status-off.png</textureradiooffnofocus>
						<onclick condition="!System.HasAddon(repoository.camaradas.repo)">InstallAddon(repository.camaradas.repo)</onclick>																		
						<selected>System.HasAddon(repository.camaradas.repo)</selected>
						<include>DefaultSettingButton</include>
					</control>
					<control type="radiobutton" id="331">
						<radioposx>1100</radioposx>
						<font>font14</font>
						<label>Repositorio Marcelveldt $INFO[System.AddonVersion(repository.marcelveldt),(,)]</label>
						<height>60</height>
						<radiowidth>100</radiowidth>
						<radioheight>100</radioheight>
						<textureradioonfocus colordiffuse="ffffffff">buttons/status-on.png</textureradioonfocus>
						<textureradioonnofocus colordiffuse="ffffffff">buttons/status-on.png</textureradioonnofocus>
						<textureradioofffocus colordiffuse="fff02222">buttons/status-off.png</textureradioofffocus>
						<textureradiooffnofocus colordiffuse="fff02222">buttons/status-off.png</textureradiooffnofocus>
						<onclick condition="!System.HasAddon(repoository.marcelveldt)">InstallAddon(repository.marcelveldt)</onclick>																		
						<onclick condition="System.HasAddon(repository.marcelveldt)">ActivateWindow(10040,&quot;addons://repository.marcelveldt/&quot;,return)</onclick>
						<selected>System.HasAddon(repository.marcelveldt)</selected>
						<include>DefaultSettingButton</include>
					</control>
					<control type="radiobutton" id="330">
						<radioposx>1100</radioposx>
						<font>font14</font>
						<label>Repositorio Github (Torrest) $INFO[System.AddonVersion(repository.github),(,)]</label>
						<height>60</height>
						<radiowidth>100</radiowidth>
						<radioheight>100</radioheight>
						<textureradioonfocus colordiffuse="ffffffff">buttons/status-on.png</textureradioonfocus>
						<textureradioonnofocus colordiffuse="ffffffff">buttons/status-on.png</textureradioonnofocus>
						<textureradioofffocus colordiffuse="fff02222">buttons/status-off.png</textureradioofffocus>
						<textureradiooffnofocus colordiffuse="fff02222">buttons/status-off.png</textureradiooffnofocus>
						<onclick condition="!System.HasAddon(repoository.github)">InstallAddon(repository.github)</onclick>																		
						<onclick condition="System.HasAddon(repository.github)">ActivateWindow(10040,&quot;addons://repository.github/&quot;,return)</onclick>
						<selected>System.HasAddon(repository.github)</selected>
						<include>DefaultSettingButton</include>
					</control>
				<control type="button" id="308">
					<top>70</top>
					<height>60</height>
					<label>Continuar</label>
					<font>font14</font>
					<textoffsetx>30</textoffsetx>
					<onclick>Close</onclick>
					<onclick>ActivateWindow(1130)</onclick>
					<align>center</align>
				</control>
			</control>
		</control>
	</controls>
</window>